# Справочник снаряжения Pocket Rogues, собран из файлов игры 1.38.3.1
#effects
E	0	ItemEffectArmor	Effects/ArmorEffects/1.23/Armor Effect - Add Dmg	Armor Effect - Add Dmg	Гнев	2 3 5 7 10	0	0	0	0			Базовый урон увеличен на {0} единицы	-1		Wrath	Base damage increased by {0} points	
E	1	ItemEffectArmor	Effects/ArmorEffects/1.23/Armor Effect - Add Dmg Persent	Armor Effect - Add Dmg Persent	Боевое Искусство	7 10 12 15 18	0	0	0	0			Увеличивает наносимый в бою урон на {0}%	-1		Martial Art	Increases damage done in combat by {0}%	
E	2	ItemEffectArmor	Effects/ArmorEffects/1.23/Armor Effect - Add HP	Armor Effect - Add HP	Искра Жизни	10 14 18 25 32	0	0	0	0			Ув. макс. запас ОЗ на {0} ед.	-1		Spark of Life	Increases max HP by {0} points	
E	3	ItemEffectArmor	Effects/ArmorEffects/1.23/Armor Effect - Add MP	Armor Effect - Add MP	Искра Магии	10 14 18 25 32	0	0	0	0			Ув. макс. запас ОМ на {0} ед.	-1		Spark of Magic	Increases max MP by {0} points	
E	4	ItemEffectArmor	Effects/ArmorEffects/1.23/Armor Effect - Add MP 0	Armor Effect - Add MP 0	Искра Магии	10 14 18 25 32	0	0	0	0			Ув. макс. запас ОМ на {0} ед.	-1		Spark of Magic	Increases max MP by {0} points	
E	5	ItemEffectArmor	Effects/ArmorEffects/1.23/Armor Effect - Bloodsucker	Armor Effect - Bloodsucker	Кровопийца	1 2 3 4 5	0	0	0	0			Находясь в обычной крови, персонаж восстанавливает {0} ОЗ/с за каждую лужу, на которой в этот момент стоит	-1		Bloodsucker	While standing in normal blood, the character restores {0} HP/s for each puddle they are standing on	
E	6	ItemEffectArmor	Effects/ArmorEffects/1.23/Armor Effect - Defence	Armor Effect - Defence	Защита	5 7 9 12 15	0	0	0	0			Весь физ. урон, получаемый персонажем, снижен на {0}%	-1		Defense	All physical damage taken by the character is reduced by {0}%	
E	7	ItemEffectArmor	Effects/ArmorEffects/1.23/Armor Effect - Speed in Battle	Armor Effect - Speed in Battle	Боевой Марш	12 14 17 21 25	0	0	0	0			Скорость передвижения увеличена на {0}% в бою	-1		Battle March	Movement speed increased by {0}% in combat	
E	8	ItemEffectArmor	Effects/ArmorEffects/1.23/Armor Effect - Speed out of Battle	Armor Effect - Speed out of Battle	Прогулка	12 14 17 21 25	0	0	0	0			Скорость передвижения увеличена на {0}% вне боя	-1		Stroll	Movement speed increased by {0}% outside combat	
E	9	ItemEffectArmor	Effects/ArmorEffects/1.23/Shield Effect - Arrow Mirror	Shield Effect - Arrow Mirror	Отражение Стрел	50 75 100 150 200	0	0	0	0			Блок щитом отбивает снаряды в направлении стрелявшего (с {0}% от их урона)	-1		Arrow Reflection	Shield block deflects projectiles toward the shooter (at {0}% of their damage)	
E	10	ItemEffectArmor	Effects/ArmorEffects/1.23/Shield Effect - Resist Arrows	Shield Effect - Resist Arrows	Башенный Щит	20 25 30 40 50	0	0	0	0			Защита от стрел на средней и большой дистанции увеличена на {0}%	-1		Tower Shield	Protection against arrows at medium and long range increased by {0}%	
E	11	ItemEffectArmor	Effects/ArmorEffects/1.27/AE CustomSkill Spec - Hide	AE CustomSkill Spec - Hide	Специальный навык	0 0 0 0 0	1	0	0	0			Заменяет специальный навык персонажа, пока надето	-1		Special Skill	Replaces character's special skill while equipped	
E	12	ItemEffectArmor	Effects/ArmorEffects/1.27/Armor Effect - Poison Defence I	Armor Effect - Poison Defence I	Сопр. отравлению	15 22 30 40 60	0	0	0	0			Сопротивление отравлению увеличено на {0} единиц	-1		Poison Resistance	Poison resistance increased by {0} points	
E	13	ItemEffectArmor	Effects/ArmorEffects/1.27/Armor Effect - Stench	Armor Effect - Stench	Зловоние	12 15 18 22 25	0	0	0	0			Ближайшие живые враги двигаются медленнее и теряют {0}% защиты	-1		Stench	Surrounding alive enemies are slower and lose {0}% defense	
E	14	ItemEffectArmor	Effects/ArmorEffects/1.27/Armor Effect - Stone Defence I	Armor Effect - Stone Defence I	Сопр. окаменению	15 22 30 40 60	0	0	0	0			Сопротивление окаменению увеличено на {0} единиц	-1		Petrification Resistance	Petrification resistance increased by {0} points	
E	15	ItemEffectArmor	Effects/ArmorEffects/1.27/Armor Effect - Study I	Armor Effect - Study I	Ученик	4 5 6 8 10	0	0	0	0			Персонаж получает на {0}% больше опыта	-1		Student	Character gains {0}% more XP	
E	16	ItemEffectArmor	Effects/ArmorEffects/1.27/Armor Effect - Terror I	Armor Effect - Terror I	Устрашение	2 3 4 5 6	0	0	0	0			Ближайшие живые враги теряют {0}% защиты за каждый полученный ими удар	-1		Intimidation	Nearest living enemies lose {0}% defense for each hit they receive	
E	17	ItemEffectArmor	Effects/ArmorEffects/1.27/Armor Effect - Thief 0	Armor Effect - Thief 0	Золотоискатель	1 2 3 4 5	0	0	0	0			Повышает стоимость каждой подобранной монеты на +{0}	-1		Gold-digger	Increases the cost of each coin picked up by +{0}	
E	18	ItemEffectArmor	Effects/ArmorEffects/1.27/Armor Effect - Thief I	Armor Effect - Thief I	Золотоискатель	1 2 3 4 5	0	0	0	0			Повышает стоимость каждой подобранной монеты на +{0}	-1		Gold-digger	Increases the cost of each coin picked up by +{0}	
E	19	ItemEffectArmor	Effects/ArmorEffects/1.27/Armor Effect - Trader I	Armor Effect - Trader I	Купец	5 6 7 8 10	0	0	0	0			Цены Торговца выгоднее на {0}%. Не влияет на цены при уничтожении предметов	-1		Merchant	Merchant prices are {0}% better. Does not affect prices when destroying items	
E	20	ItemEffectArmor	Effects/ArmorEffects/1.35/Armor Effect - Crit Mod	Armor Effect - Crit Mod	Чутье убийцы	1 2 3 4 5	0	0	0	0			Вероятность критической атаки ув. на {0}%	-1		Killer flair	Increased Critical Chance by {0}%	
E	21	ItemEffectArmor	Effects/ArmorEffects/1.35/Armor Effect - Debuff Time Reduce	Armor Effect - Debuff Time Reduce	Подавление болезней	12 15 20 24 30	0	0	0	0			Время действия любых негативных эффектов снижено на {0}%	-1		Disease suppression	Duration of any debuffs reduced by {0}%	
E	22	ItemEffectArmor	Effects/ArmorEffects/1.35/Armor Effect - FullHpMpReg	Armor Effect - FullHpMpReg	Бодрость	75 100 125 150 200	0	0	0	0			При полном запасе здоровья скорость восстановления ОМ увеличена на значение, равное {0}% от скорости восстановления ОЗ	-1		Vigor	When at full health, MP recovery rate is increased by {0}% of HP recovery rate	
E	23	ItemEffectArmor	Effects/ArmorEffects/1.35/Armor Effect - Health Items Effs	Armor Effect - Health Items Effs	Обмен веществ	15 20 25 35 50	0	0	0	0			Зелья и еда восстанавливают на {0}% больше ОЗ	-1		Metabolism	Potions and food restore {0}% more HP	
E	24	ItemEffectArmor	Effects/ArmorEffects/1.35/Armor Effect - LessMpOnLowHp	Armor Effect - LessMpOnLowHp	Неукротимость	30 35 40 50 60	0	0	0	0			При запасе ОЗ ниже 30% все навыки расходуют на {0}% меньше ОМ	-1		Indomitable	When HP is below 30%, all skills consume {0}% less MP	
E	25	ItemEffectArmor	Effects/ArmorEffects/1.35/Armor Effect - Move Speed	Armor Effect - Move Speed	Атлетизм	4 6 8 10 12	0	0	0	0			Увеличивает скорость передвижения на {0}%	-1		Athleticism	Increases movement speed by {0}%	
E	26	ItemEffectArmor	Effects/ArmorEffects/1.37/Armor Effect - Armor Group	Armor Effect - Armor Group	Чувство локтя	50 70 100 130 160	0	0	0	0			Все спутники персонажа получают +{0} к физ. защите	-1		Elbow feeling	All companions gain +{0} to phys. defense	
E	27	ItemEffectArmor	Effects/ArmorEffects/1.37/Armor Effect - Arrows - Bleed	Armor Effect - Arrows - Bleed	Зазубренные наконечники	2 3 4 6 8	0	0	0	0			Каждая атака заполняет шкалу кровотечения цели на {0} ед.	-1		Jagged tips	Each attack fills the target's bleed gauge by {0} pts	
E	28	ItemEffectArmor	Effects/ArmorEffects/1.37/Armor Effect - Arrows - Duplicate	Armor Effect - Arrows - Duplicate	Дубликатор	15 20 25 30 35	0	0	0	0			С шансом в {0}% при выстреле персонаж выпустит доп. снаряд в том же направлении	-1		Duplicator	With a {0}% chance on shot, the character will fire an extra projectile in the same direction	
E	29	ItemEffectArmor	Effects/ArmorEffects/1.37/Armor Effect - Arrows - FollowTarget	Armor Effect - Arrows - FollowTarget	Одержимая стрела	0 0 0 0 0	0	0	0	0			Каждый выпущенный снаряд преследует цель, в которую целился персонаж	-1		Enchanted arrow	Each fired projectile tracks the target aimed at by the character	
E	30	ItemEffectArmor	Effects/ArmorEffects/1.37/Armor Effect - Arrows - Ricochet	Armor Effect - Arrows - Ricochet	Рикошет	20 25 30 40 50	0	0	0	0			С шансом в {0}% после попадания снаряд отскочит в ближайшего врага	-1		Ricochet	With a {0}% chance, the projectile will ricochet to the nearest enemy	
E	31	ItemEffectArmor	Effects/ArmorEffects/1.37/Armor Effect - Arrows - ThrowTarget	Armor Effect - Arrows - ThrowTarget	Пробитие	20 25 30 40 50	0	0	0	0			Снаряд с шансом в {0}% пробивает +1 цель насквозь	-1		Penetration	Projectile with {0}% chance pierces +1 target	
E	32	ItemEffectArmor	Effects/ArmorEffects/1.37/Armor Effect - Book Gold	Armor Effect - Book Gold	Денежные ведомости	6 9 12 15 20	0	0	0	0			Персонаж получает на {0}% больше золота	-1		Payroll records	Character gains {0}% more gold	
E	33	ItemEffectArmor	Effects/ArmorEffects/1.37/Armor Effect - Book XP	Armor Effect - Book XP	Заметки ученого	6 9 12 15 20	0	0	0	0			Персонаж получает на {0}% больше опыта	-1		Scholar's notes	Character gains {0}% more experience	
E	34	ItemEffectArmor	Effects/ArmorEffects/1.37/Armor Effect - DmgPercent Dark	Armor Effect - DmgPercent Dark	Темная сила	12 15 18 24 30	0	0	0	0			Весь наносимый Проклятый урон ув. на {0}%	-1		Dark power	All Cursed damage increased by {0}%	
E	35	ItemEffectArmor	Effects/ArmorEffects/1.37/Armor Effect - DmgPercent Electro	Armor Effect - DmgPercent Electro	Разряд молнии	12 15 18 24 30	0	0	0	0			Весь наносимый Молниевый урон ув. на {0}%	-1		Lightning bolt	All Lightning damage increased by {0}%	
E	36	ItemEffectArmor	Effects/ArmorEffects/1.37/Armor Effect - DmgPercent Fire	Armor Effect - DmgPercent Fire	Испепеляющий жар	12 15 18 24 30	0	0	0	0			Весь наносимый Огненный урон ув. на {0}%	-1		Blazing heat	All Fire damage increased by {0}%	
E	37	ItemEffectArmor	Effects/ArmorEffects/1.37/Armor Effect - DmgPercent Ice	Armor Effect - DmgPercent Ice	Обжигающий холод	12 15 18 24 30	0	0	0	0			Весь наносимый Ледяной урон ув. на {0}%	-1		Scorching cold	All Ice damage increased by {0}%	
E	38	ItemEffectArmor	Effects/ArmorEffects/1.37/Armor Effect - DmgPercent Light	Armor Effect - DmgPercent Light	Сияние	12 15 18 24 30	0	0	0	0			Весь наносимый Святой урон ув. на {0}%	-1		Radiance	All Holy damage increased by {0}%	
E	39	ItemEffectArmor	Effects/ArmorEffects/1.37/Armor Effect - DmgPercent Magic	Armor Effect - DmgPercent Magic	Колдовство	9 12 15 18 22	0	0	0	0			Весь наносимый Магический урон ув. на {0}%	-1		Sorcery	All Magical damage increased by {0}%	
E	40	ItemEffectArmor	Effects/ArmorEffects/1.37/Armor Effect - ReduceMP Fire	Armor Effect - ReduceMP Fire	Тайны пламени	15 20 25 30 35	0	0	0	0			Навыки, наносящие Огненный урон, расходуют на {0}% меньше ОМ	-1		Secrets of flame	Skills dealing Fire damage use {0}% less MP	
E	41	ItemEffectArmor	Effects/ArmorEffects/1.37/Armor Effect - RepceMP Dark	Armor Effect - RepceMP Dark	Запретные знания	15 20 25 30 35	0	0	0	0			Навыки, наносящие Проклятый урон, расходуют на {0}% меньше ОМ	-1		Forbidden knowledge	Skills dealing Cursed damage use {0}% less MP	
E	42	ItemEffectArmor	Effects/ArmorEffects/1.37/Armor Effect - RepceMP Electro	Armor Effect - RepceMP Electro	Тайны молний	15 20 25 30 35	0	0	0	0			Навыки, наносящие Молниевый урон, расходуют на {0}% меньше ОМ	-1		Secrets of lightning	Skills dealing Lightning damage use {0}% less MP	
E	43	ItemEffectArmor	Effects/ArmorEffects/1.37/Armor Effect - RepceMP Ice	Armor Effect - RepceMP Ice	Тайны льда	15 20 25 30 35	0	0	0	0			Навыки, наносящие Ледяной урон, расходуют на {0}% меньше ОМ	-1		Mysteries of ice	Skills dealing Ice damage use {0}% less MP	
E	44	ItemEffectArmor	Effects/ArmorEffects/1.37/Armor Effect - RepceMP Light	Armor Effect - RepceMP Light	Священные догматы	15 20 25 30 35	0	0	0	0			Навыки, наносящие Святой урон, расходуют на {0}% меньше ОМ	-1		Sacred dogmas	Skills dealing Holy damage use {0}% less MP	
E	45	ItemEffectArmor	Effects/ArmorEffects/1.38/Armor Effect - Antimagic	Armor Effect - Antimagic	Антимагия	5 8 12 15 20	0	0	0	0			Получаемый маг. урон снижен на {0}%	-1		Antimagic	Incoming magic damage reduced by {0}%	
E	46	ItemEffectArmor	Effects/ArmorEffects/1.38/Armor Effect - Bleed Resist	Armor Effect - Bleed Resist	Сопр. кровотечению	15 22 30 40 60	0	0	0	0			Сопротивление кровотечению увеличено на {0} единиц	-1		Bleed Resistance	Bleed resistance increased by {0}	
E	47	ItemEffectArmor	Effects/ArmorEffects/1.38/Armor Effect - CageHelmet	Armor Effect - CageHelmet	Знание безумца	100 150 200 250 300	0	0	0	0			При получении любого негативного эффекта персонажем все окружающие его враги получают урон, равный {0}% урона персонажа в виде проклятого	-1		Madman's Knowledge	When the character receives any negative effect, all nearby enemies take damage equal to {0}% of the character's damage as cursed damage	
E	48	ItemEffectArmor	Effects/ArmorEffects/1.38/Armor Effect - CompDmg	Armor Effect - CompDmg	Воля тирана	15 22 30 40 60	0	0	0	0			Все союзные существа наносят и получают на {0}% больше урона	-1		Tyrant's Will	All allied creatures deal and take {0}% more damage	
E	49	ItemEffectArmor	Effects/ArmorEffects/1.38/Armor Effect - DmgDebuffCount	Armor Effect - DmgDebuffCount	Покаяние	5 7 9 11 13	0	0	0	0			Каждый негативный эффект или проклятие, действующие на персонажа, ув. наносимый урон на {0}%	-1		Penance	Each negative effect or curse affecting the character increases damage dealt by {0}%	
E	50	ItemEffectArmor	Effects/ArmorEffects/1.38/Armor Effect - Fire Resist	Armor Effect - Fire Resist	Огнестойкость	5 8 12 15 20	0	0	0	0			Получаемый огн. урон снижен на {0}%	-1		Fire Resistance	Incoming fire damage reduced by {0}%	
E	51	ItemEffectArmor	Effects/ArmorEffects/1.38/Armor Effect - Frost Resist	Armor Effect - Frost Resist	Морозостойкость	5 8 12 15 20	0	0	0	0			Получаемый лед. урон снижен на {0}%	-1		Frost Resistance	Incoming ice damage reduced by {0}%	
E	52	ItemEffectArmor	Effects/ArmorEffects/1.38/Armor Effect - Holiness	Armor Effect - Holiness	Святость	5 8 12 15 20	0	0	0	0			Получаемый прокл. урон снижен на {0}%	-1		Holiness	Incoming cursed damage reduced by {0}%	
E	53	ItemEffectArmor	Effects/ArmorEffects/1.38/Armor Effect - LifeSteal	Armor Effect - LifeSteal	Кража Жизни	5 10 15 20 25	0	0	0	0			Все эффекты, связанные с восст. ОЗ и ОМ при нанесении урона или убийстве врага, на {0}% более эффективны	-1		Life Steal	All on-hit/on-kill HP/MP restoration effects are {0}% more effective	
E	54	ItemEffectArmor	Effects/ArmorEffects/1.38/Armor Effect - Meditation	Armor Effect - Meditation	Медитация	10 15 20 30 40	0	0	0	0			Вне боя ОЗ и ОМ восст. на {0}% быстрее	-1		Meditation	Out of combat, HP and MP recover {0}% faster	
E	55	ItemEffectArmor	Effects/ArmorEffects/1.38/Armor Effect - Reinforcement	Armor Effect - Reinforcement	Укрепление	5 10 15 20 25	0	0	0	0			Добавляет {0}% доп. защиты основного типа, который есть на предмете	-1		Reinforcement	Adds {0}% additional protection of the item’s primary defense type	
E	56	ItemEffectArmor	Effects/ArmorEffects/1.38/Armor Effect - Shock Resist	Armor Effect - Shock Resist	Грозостойкость	5 8 12 15 20	0	0	0	0			Получаемый молн. урон снижен на {0}%	-1		Shock Resistance	Incoming lightning damage reduced by {0}%	
E	57	ItemEffectArmor	Effects/ArmorEffects/1.38/Armor Effect - Unholiness	Armor Effect - Unholiness	Нечестивость	5 8 12 15 20	0	0	0	0			Получаемый свят. урон снижен на {0}%	-1		Unholiness	Incoming holy damage reduced by {0}%	
E	58	ItemEffectArmor	Effects/ArmorEffects/1.38/Book Effect - Hidden Power	Book Effect - Hidden Power	Скрытая сила	15 22 30 40 50	0	0	0	0			Шанс призыва усиленной нежити увеличен на {0}%	-1		Hidden Power	Chance to summon empowered undead increased by {0}%	
E	59	ItemEffectArmor	Effects/ArmorEffects/1.38/Book Effect - Strong Bones	Book Effect - Strong Bones	Крепкие кости	50 80 100 150 200	0	0	0	0			Вся призываемая нежить получает +{0} ед. физ. защиты	-1		Strong Bones	All summoned undead gain +{0} physical defense	
E	60	ItemEffectArmor	Effects/ArmorEffects/1.38/Hand Effect - Cat Reflex	Hand Effect - Cat Reflex	Кошачья реакция	10 15 20 25 30	0	0	0	0			Шанс получить крит. удар снижен на {0}%	-1		Cat Reflex	Chance to receive a critical hit reduced by {0}%	
E	61	ItemEffectArmor	Effects/ArmorEffects/1.38/Hand Effect - Combat Readiness	Hand Effect - Combat Readiness	Боевая готовность	15 20 25 30 35	0	0	0	0			Шкала заряда навыков заполняется на {0}% быстрее	-1		Combat Readiness	Skill charge gauge fills {0}% faster	
E	62	ItemEffectArmor	Effects/ArmorEffects/1.38/Hand Effect - Pickpocket	Hand Effect - Pickpocket	Щипач	6 9 12 15 20	0	0	0	0			С шансом в {0}% стоимость монеты при подборе будет удвоена	-1		Pickpocket	With a {0}% chance, a coin’s value will be doubled when picked up	
E	63	ItemEffectArmor	Effects/ArmorEffects/1.38/Hand Effect - Projectile Catching	Hand Effect - Projectile Catching	Ловля снарядов	10 14 18 24 30	0	0	0	0			Атаки дальнего боя наносят персонажу на {0}% меньше урона	-1		Projectile Catching	Ranged attacks deal {0}% less damage to the character	
E	64	ItemEffectArmor	Effects/ArmorEffects/1.38/Legs Effect - Acrobat	Legs Effect - Acrobat	Ловкач	0 0 0 0 0	0	0	0	0			Поверхности (такие как вода и паутина) не замедляют персонажа	-1		Acrobat	Surfaces (such as water and webs) do not slow the character	
E	65	ItemEffectArmor	Effects/ArmorEffects/1.38/Legs Effect - Nimbleness	Legs Effect - Nimbleness	Проворство	20 25 30 40 50	0	0	0	0			Эффекты, замедляющие персонажа, на {0}% менее эффективны	-1		Nimbleness	Effects that slow the character are {0}% less effective	
E	66	ItemEffectArmor	Effects/ArmorEffects/1.38/Legs Effect - Runner	Legs Effect - Runner	Бегун	8 10 12 16 25	0	0	0	0			Скорость спринта ув. на {0}%	-1		Runner	Sprint speed increased by {0}%	
E	67	ItemEffectArmor	Effects/ArmorEffects/Armor Effect - Asceticism	Armor Effect - Asceticism	Аскетизм	2 3 4 5 7	0	0	0	0			Каждый полученный удар восстанавливает {0} ОМ	-1		Asceticism	Each hit taken restores {0} MP	
E	68	ItemEffectArmor	Effects/ArmorEffects/Armor Effect - Blood	Armor Effect - Blood	Жажда Крови	10 14 18 22 25	0	0	0	0			Увеличивает наносимый урон на {0}% и макс. ОМ на 10 ед., но снижает макс. ОЗ на 10 ед.	-1		Bloodlust	Increases dealt damage by {0}% and max MP by 10 points but reduces max HP by 10 points	
E	69	ItemEffectArmor	Effects/ArmorEffects/Armor Effect - Def Animals	Armor Effect - Def Animals	Оберег Природы	12 15 18 21 25	0	0	0	0			Урон, получаемый от зверей, снижен на {0}%	-1		Nature's Charm	Damage taken from beasts is reduced by {0}%	
E	70	ItemEffectArmor	Effects/ArmorEffects/Armor Effect - Def Demons	Armor Effect - Def Demons	Оберег Хаоса	12 15 18 21 25	0	0	0	0			Урон, получаемый от демонов, снижен на {0}%	-1		Chaos's Charm	Damage taken from demons is reduced by {0}%	
E	71	ItemEffectArmor	Effects/ArmorEffects/Armor Effect - Def Humanoids	Armor Effect - Def Humanoids	Оберег Порядка	12 15 18 21 25	0	0	0	0			Урон, получаемый от гуманоидов, снижен на {0}%	-1		Order's Charm	Damage taken from humanoids is reduced by {0}%	
E	72	ItemEffectArmor	Effects/ArmorEffects/Armor Effect - Def Traps	Armor Effect - Def Traps	Чешуя	12 15 18 21 25	0	0	0	0			Ловушки наносят персонажу на {0}% меньше урона	-1		Scales	Traps deal {0}% less damage to the character	
E	73	ItemEffectArmor	Effects/ArmorEffects/Armor Effect - Def Undead	Armor Effect - Def Undead	Оберег Смерти	12 15 18 21 25	0	0	0	0			Урон, получаемый от нежити, снижен на {0}%	-1		Death's Charm	Damage taken from undead is reduced by {0}%	
E	74	ItemEffectArmor	Effects/ArmorEffects/Armor Effect - Life Aura	Armor Effect - Life Aura	Искра Восстановления	2 4 6 10 14	0	1	0	0			Скорость восстановления ОЗ увеличена на {0} ед./с	-1		Spark of Recovery	Increases HP recovery rate by {0} HP/s	
E	75	ItemEffectArmor	Effects/ArmorEffects/Armor Effect - Light	Armor Effect - Light	Источник света	25 30 40 55 65	0	0	0	0			Излучает слабый свет. Монстры, на которых смотрит персонаж, восст. ОЗ на {0}% медленнее	-1		Light Source	Emits a faint light. Monsters the character is looking at regenerate HP {0}% more slowly	
E	76	ItemEffectArmor	Effects/ArmorEffects/Armor Effect - Mirror	Armor Effect - Mirror	Шипы	100 125 150 200 300	0	0	0	0			Возвращает {0}% полученного урона атаковавшему противнику	-1		Thorns	Returns {0}% of the damage taken to the attacker	
E	77	ItemEffectArmor	Effects/ArmorEffects/Armor Effect - Stone Force	Armor Effect - Stone Force	Каменная Твердь	2 4 6 8 10	0	0	0	0			Вдвое снижает шанс оглушения и с шансом в {0}% оглушает любого атаковавшего врага	-1		The Stone Solid	Halves the stun chance, and with a {0}% chance stuns any enemy that attacks you	
E	78	ItemEffectArmor	Effects/ArmorEffects/Unique/AE CustomSkill Spec - Summon Nightmare	AE CustomSkill Spec - Summon Nightmare	Специальный навык	0 0 0 0 0	1	0	0	0			Заменяет специальный навык персонажа, пока надето	-1		Special Skill	Replaces character's special skill while equipped	
E	79	ItemEffectArmor	Effects/ArmorEffects/Unique/Armor Effect - Add Weapon Damage (Axe I)	Armor Effect - Add Weapon Damage (Axe I)	Мастер Топора	15 20 25 30 40	0	0	0	0			Урон, наносимый топором, увеличен на {0}%	-1		Axe Master	Axe damage increased by {0}%	
E	80	ItemEffectArmor	Effects/ArmorEffects/Unique/Armor Effect - Add Weapon Damage (Bow I)	Armor Effect - Add Weapon Damage (Bow I)	Мастер Лука	15 20 25 30 40	0	0	0	0			Урон, наносимый луком, увеличен на {0}%	-1		Bow Master	Bow damage increased by {0}%	
E	81	ItemEffectArmor	Effects/ArmorEffects/Unique/Armor Effect - Add Weapon Damage (Dagger I)	Armor Effect - Add Weapon Damage (Dagger I)	Мастер Кинжала	15 20 25 30 40	0	0	0	0			Урон, наносимый кинжалом, увеличен на {0}%	-1		Dagger Master	Dagger damage increased by {0}%	
E	82	ItemEffectArmor	Effects/ArmorEffects/Unique/Armor Effect - Add Weapon Damage (Staff I)	Armor Effect - Add Weapon Damage (Staff I)	Мастер Посоха	15 20 25 30 40	0	0	0	0			Урон, наносимый посохом, увеличен на {0}%	-1		Staff Master	Staff damage increased by {0}%	
E	83	ItemEffectArmor	Effects/ArmorEffects/Unique/Armor Effect - Add Weapon Damage (Sword I)	Armor Effect - Add Weapon Damage (Sword I)	Мастер Клинка	15 20 25 30 40	0	0	0	0			Урон, наносимый мечом, увеличен на {0}%	-1		Blade Master	Sword damage increased by {0}%	
E	84	ItemEffectArmor	Effects/ArmorEffects/Unique/Armor Effect - Add Weapon Damage (Wand I)	Armor Effect - Add Weapon Damage (Wand I)	Мастер Жезла	15 20 25 30 40	0	0	0	0			Урон, наносимый жезлом, увеличен на {0}%	-1		Wand Master	Wand damage increased by {0}%	
E	85	ItemEffectArmor	Effects/ArmorEffects/Unique/Armor Effect - Dash Cloak Shadow Long	Armor Effect - Dash Cloak Shadow Long	Теневой шаг		0	0	0	0			Немного увеличивает дистанцию рывка	-1		Shadow step	Slightly increases dash distance	
E	86	ItemEffectArmor	Effects/ArmorEffects/Unique/Armor Effect - Get Defence On Crit	Armor Effect - Get Defence On Crit	Избежание рока	20 25 30 35 40	0	0	0	0			Урон, получаемый от критических атак, снижен на {0}%. При получении критического урона персонаж на 8 с. повышает свою физ. защиту на 200 ед.	-1		Doom avoidance	Damage taken from critical attacks reduced by {0}%. When taking critical damage, the character increases phys. defense by 200 points for 8 s	
E	87	ItemEffectArmor	Effects/ArmorEffects/Unique/Armor Effect - Ghost Defence	Armor Effect - Ghost Defence	Связь с духами	7 10 13 16 20	0	0	0	0			Уровень всех существ, призываемых с помощью навыков или предметов, ув. на {0}%	-1		Spiritual connection	The level of all creatures summoned by skills or items is increased by {0}%	
E	88	ItemEffectArmor	Effects/ArmorEffects/Unique/Armor Effect - Ghost Ignore	Armor Effect - Ghost Ignore	Armor Effect - Ghost Ignore	15 20 25 30 35	0	0	0	0			Урон, получаемый от призрачных существ, снижен на {0}%. Призраки не видят вас сквозь препятствия	-1		Armor Effect - Ghost Ignore	Damage taken from ghostly creatures is reduced by {0}%. Ghosts cannot see you through obstacles	
E	89	ItemEffectArmor	Effects/ArmorEffects/Unique/Armor Effect - Reduce Skills Price	Armor Effect - Reduce Skills Price	Шепот Пустоты	8 10 12 15 20	0	0	0	0			Все навыки расходуют на {0}% меньше ОМ	-1		Whispers of the Void	All skills cost {0}% less MP	
E	90	ItemEffectArtifact		Artifact Effect - AddDef Elem (40)	Артефакт		0	0	40	0			Стих. защита персонажа увеличена на {0} ед.	65		Artifact	The character's elem. defense increased by {0} points	
E	91	ItemEffectArtifact		Artifact Effect - AddDef Magic (40)	Артефакт		0	0	40	0			Магич. защита персонажа увеличена на {0} ед.	64		Artifact	The character's mag. defense increased by {0} points	
E	92	ItemEffectArtifact		Artifact Effect - Attack Range (+7 persent)	Артефакт		0	0	7	0			Область действия атакующих навыков ув. на {0}%	68		Artifact	The range of attack skills is increased by {0}%	
E	93	ItemEffectArtifact		Artifact Effect - AutoCharge	Артефакт		0	0	0	0			Заряжаемые навыки срабатывают сразу, как только заполняется шкала	62		Artifact	Charged skills activate as soon as the bar fills	
E	94	ItemEffectArtifact		Artifact Effect - Bandages ( + 0.2 HP per Sec)	Артефакт		0	0	3	0			+0.{0}0 к восстановлению ОЗ/с	9		Artifact	+0.{0}0 to restore HP/s	
E	95	ItemEffectArtifact		Artifact Effect - BatWing (+2 AGL)	Артефакт		0	0	2	0			+{0} к Ловкости	5		Artifact	+{0} to Agility	
E	96	ItemEffectArtifact		Artifact Effect - BoneBeads	Артефакт		0	0	0	0			Все спутники (питомцы и наёмники) получают эффект "Гнев Предков": их физ. защита увеличена на 50 единиц, а урон - на 3 единицы	23		Artifact	All companions (pets and mercenaries) receive the "Ancestral Wrath" effect: their phys. defense is increased by 50 points, and damage by 3 points	
E	97	ItemEffectArtifact		Artifact Effect - Charge Speed (+20 persent)	Артефакт		0	0	15	0			Шкала заряда навыков накапливается на +{0}% быстрее	63		Artifact	Skill charge bar accumulates +{0}% faster	
E	98	ItemEffectArtifact		Artifact Effect - Coals (Torch Reg Effs)	Артефакт		0	0	50	0			Костры и факелы на {0}% эффективнее восст. ОЗ. Факел в руке ускоряет восст. ОЗ на 0.5 ед./с.	60		Artifact	Campfires and torches restore HP {0}% more effectively. A torch in hand increases HP recovery by 0.5 HP/sec.	
E	99	ItemEffectArtifact		Artifact Effect - Coins Price (+1)	Артефакт		0	0	1	0			Повышает стоимость каждой подобранной монеты на +{0}	55		Artifact	Increases the cost of each coin picked up by +{0}	
E	100	ItemEffectArtifact		Artifact Effect - Compass	Артефакт		0	0	0	0			Делает тайники более заметными	56		Artifact	Makes hidden places more visible	
E	101	ItemEffectArtifact		Artifact Effect - Crystal (+4 INT)	Артефакт		0	0	4	0			+{0} к Разуму	5		Artifact	+{0} to Intelligence	
E	102	ItemEffectArtifact		Artifact Effect - Eye (+2 INT)	Артефакт		0	0	2	0			+{0} к Разуму	5		Artifact	+{0} to Intelligence	
E	103	ItemEffectArtifact		Artifact Effect - Feather (+20 ArmorSpeed)	Артефакт		0	0	20	0			Штраф к скорости передвижения от ношения доспехов снижен на {0}%	17		Artifact	Penalty to movement speed from wearing armor reduced by {0}%	
E	104	ItemEffectArtifact		Artifact Effect - Fight Speed (+7 persent)	Артефакт		0	0	7	0			Скорость атаки ув. на {0}%	67		Artifact	Attack speed increased by {0}%.	
E	105	ItemEffectArtifact		Artifact Effect - FoxTail (+10 MoveSpeed)	Артефакт		0	0	10	0			Увеличивает скорость передвижения на {0}%	3		Artifact	Increases movement speed by {0}%	
E	106	ItemEffectArtifact		Artifact Effect - FrogLeg (+1 Spheres)	Артефакт		0	0	1	0			Каждая Красная и Синяя сфера эффективнее на {0} ед.	8		Artifact	Each Red and Blue Sphere is more efficient by {0}	
E	107	ItemEffectArtifact		Artifact Effect - FrogLeg (+2 Spheres)	Артефакт		0	0	2	0			Каждая Красная и Синяя сфера эффективнее на {0} ед.	8		Artifact	Each Red and Blue Sphere is more efficient by {0}	
E	108	ItemEffectArtifact		Artifact Effect - Map	Артефакт		0	0	0	0			Открывает доступ к Миникарте. При наличии Хижины Картографа убирает с текущей карты туман войны	19		Artifact	Gives access to the Minimap. If there is a Cartographer Hut, it removes the fog of war from the current map	
E	109	ItemEffectArtifact		Artifact Effect - Mirror	Артефакт		0	0	50	0			Отражает обратно {0}% урона, полученного в ближнем бою	18		Artifact	Reflects {0}% of damage taken in melee	
E	110	ItemEffectArtifact		Artifact Effect - Monocle	Артефакт		0	0	100	0			Полностью убирает влияние надетого головного убора на поле зрения	25		Artifact	Completely removes the effect of the headgear on the field of vision	
E	111	ItemEffectArtifact		Artifact Effect - MonsterBlood (+2 END)	Артефакт		0	0	2	0			+{0} к Выносливости	5		Artifact	+{0} to Endurance	
E	112	ItemEffectArtifact		Artifact Effect - MonsterFang (+1 Dmg)	Артефакт		0	0	1	0			+{0} к наносимому урону	2		Artifact	+{0} to total damage	
E	113	ItemEffectArtifact		Artifact Effect - MonsterFang (+2 Dmg)	Артефакт		0	0	2	0			+{0} к наносимому урону	2		Artifact	+{0} to total damage	
E	114	ItemEffectArtifact		Artifact Effect - MonsterHand (+3 Dmg)	Артефакт		0	0	3	0			+{0} к наносимому урону	2		Artifact	+{0} to total damage	
E	115	ItemEffectArtifact		Artifact Effect - Nail (+Get and Deal Damage)	Артефакт		0	0	7	0			Весь наносимый и получаемый урон ув. на {0}%	57		Artifact	All damage dealt and taken increased by {0}%	
E	116	ItemEffectArtifact		Artifact Effect - RabbitPaw (+1 DropChance)	Артефакт		0	0	1	0			На {0}% увеличивает шанс выпадения предметов	4		Artifact	Increases item drop chance by {0}%	
E	117	ItemEffectArtifact		Artifact Effect - Scales (Reduce Traps Dmg)	Артефакт		0	0	20	0			Ловушки наносят персонажу на {0}% меньше урона	59		Artifact	Traps deal {0}% less damage to the character	
E	118	ItemEffectArtifact		Artifact Effect - Scorp (+2 STR)	Артефакт		0	0	2	0			+{0} к Силе	5		Artifact	+{0} to Strength	
E	119	ItemEffectArtifact		Artifact Effect - Scorp (+4 STR)	Артефакт		0	0	4	0			+{0} к Силе	5		Artifact	+{0} to Strength	
E	120	ItemEffectArtifact		Artifact Effect - Shell0 (+20 Armor)	Артефакт		0	0	20	0			Физ. защита увеличена на {0} ед.	24		Artifact	Phys. def. increased by {0} pts	
E	121	ItemEffectArtifact		Artifact Effect - Shell1 (+40 Armor)	Артефакт		0	0	40	0			Физ. защита увеличена на {0} ед.	24		Artifact	Phys. def. increased by {0} pts	
E	122	ItemEffectArtifact		Artifact Effect - Shell2 (+60 Armor)	Артефакт		0	0	60	0			Физ. защита увеличена на {0} ед.	24		Artifact	Phys. def. increased by {0} pts	
E	123	ItemEffectArtifact		Artifact Effect - Shiny Scale (Chance invert dmg)	Артефакт		0	0	8	0			Любая полученная атака с шансом в {0}% восстановит ОЗ, а не отнимет	58		Artifact	Each attack received has a {0}% chance to restore HP instead of dealing damage	
E	124	ItemEffectArtifact		Artifact Effect - Stone ( + 0.2 MP per Sec)	Артефакт		0	0	2	0			+0.{0}0 к восстановлению ОМ/с	10		Artifact	+0.{0}0 to restore MP/s	
E	125	ItemEffectArtifact		Artifact Effect - Telescope (+2 View)	Артефакт		0	0	14	0			Увеличивает обзор	20		Artifact	Increases the field of view	
E	126	ItemEffectArtifact		Artifact Effect - Tentacle (+14 MP)	Артефакт		0	0	14	0			+{0} к макс. ОМ	1		Artifact	+{0} to max MP	
E	127	ItemEffectArtifact		Artifact Effect - Tentacle (+8 MP)	Артефакт		0	0	8	0			+{0} к макс. ОМ	1		Artifact	+{0} to max MP	
E	128	ItemEffectArtifact		Artifact Effect - WolfFur (+8 HP)	Артефакт		0	0	8	0			+{0} к макс. ОЗ	0		Artifact	+{0} to max HP	
E	129	ItemEffectArtifact		Artifact Effect - WolfFur2 (+14 HP)	Артефакт		0	0	14	0			+{0} к макс. ОЗ	0		Artifact	+{0} to max HP	
E	130	ItemEffectArtifact		Artifact Effect - Empty Bowl	Артефакт	0 0 0 0 0	0	0	5	0			Копит кровь своего владельца. Когда чаша будет заполнена, она выплеснется и разорвет плоть ближайших врагов.	61		Artifact	Accumulates the blood of its owner. When the bowl is full, it will overflow and tear the flesh of nearby enemies.	
E	131	ItemEffectCurse	Effects/Curses/Curse - Bleed Chance	Curse - Bleed Chance	Рваная рана	0 0 0 0 0	0	0	1	0			Каждый полученный удар постепенно заполняет шкалу Кровотечения	-1		Laceration	Each hit taken gradually fills the Bleeding gauge	
E	132	ItemEffectCurse	Effects/Curses/Curse - Coins Price	Curse - Coins Price	Дырявые карманы	0 0 0 0 0	0	0	3	0			Каждая подобранная монета стоит на {0} меньше	-1		Holey pockets	Each coin picked up is worth {0} less	
E	133	ItemEffectCurse	Effects/Curses/Curse - Crit Chance	Curse - Crit Chance	Брешь в защите	0 0 0 0 0	0	0	12	0			Шанс получить критический урон увеличен на {0}%	-1		Breach in defense	Chance to receive critical damage increased by {0}%	
E	134	ItemEffectCurse	Effects/Curses/Curse - Miss Chance	Curse - Miss Chance	Марево	0 0 0 0 0	0	0	8	0			Каждая атака с шансом в {0}% может промахнуться по противнику	-1		Blur	Each attack has a {0}% chance to miss the enemy	
E	135	ItemEffectCurse	Effects/Curses/Curse - Shadow Chance	Curse - Shadow Chance	Мстительный дух	0 0 0 0 0	0	0	15	0			Каждое убитое существо с шансом в {0}% возродится в виде тени и нападет на персонажа	-1		Vengeful Spirit	Each killed creature has a {0}% chance to respawn as a shadow and attack the character	
E	136	ItemEffectCurse	Effects/Curses/Curse - Skills Price	Curse - Skills Price	Истощение	0 0 0 0 0	0	0	15	0			Все навыки расходуют на {0}% больше ОМ	-1		Exhaustion	All skills cost {0}% more MP	
E	137	ItemEffectCurse	Effects/Curses/Curse - Spheres Reduce Effs	Curse - Spheres Reduce Effs	Больная кровь	0 0 0 0 0	0	0	3	0			Каждая красная сфера восстанавливает на {0} ед. меньше ОЗ (при отриц-м значении сферы наносят урон)	-1		Sick blood	Each red orb restores {0} less HP (when negative, these orbs deal damage)	
E	138	ItemEffectCurse	Effects/Curses/Curse - Stun Chance	Curse - Stun Chance	Болевой шок	0 0 0 0 0	0	0	3	0			Каждая полученная атака с шансом в {0}% может оглушить персонажа на 2 с.	-1		Pain shock	Each attack received has a {0}% chance to stun you for 2 s.	
E	139	ItemEffectCurse	Effects/Curses/UniqueItems/Curse - Agl Debaff (low)	Curse - Agl Debaff (low)	Неуклюжесть	0 0 0 0 0	0	0	4	0			Ловкость снижена на {0} ед.	-1		Clumsiness	Agility reduced by {0} points	
E	140	ItemEffectCurse	Effects/Curses/UniqueItems/Curse - End Debaff (low)	Curse - End Debaff (low)	Хрупкость	0 0 0 0 0	0	0	4	0			Выносливость снижена на {0} ед.	-1		Fragility	Endurance reduced by {0} points	
E	141	ItemEffectCurse	Effects/Curses/UniqueItems/Curse - Int Debaff (low)	Curse - Int Debaff (low)	Невежество	0 0 0 0 0	0	0	4	0			Разум снижен на {0} ед.	-1		Ignorance	Intelligence reduced by {0} points	
E	142	ItemEffectCurse	Effects/Curses/UniqueItems/Curse - Str Debaff (low)	Curse - Str Debaff (low)	Немощность	0 0 0 0 0	0	0	4	0			Сила снижена на {0} ед.	-1		Frailty	Strength reduced by {0} points	
E	143	ItemEffectArt_RingSkill	Effects/RingEffects/1_37/Ring Effect - Add Skill Lvl	Ring Effect - Add Skill Lvl	Радужное кольцо	0 0 0 0 0	0	0	1	0	2/0/0 4/0/0 6/0/0 8/0/0 10/0/0	Стальная крепость|Поглотитель боли|Обет святости|Рваные раны|Освященное оружие|Рубящий удар|Жнец|Рокот боя|Бросок щита|Зазубренная стрела|Быстрый выстрел|Калечащий выстрел|Дымовая шашка|Лечебные травы|Тень|Эльфийский выстрел|Мощный выстрел|Сквозной выстрел|Шаровая молния|Огненный шар|Клинок Света|Подчинение|Восстановление|Барьер|Огненное дыхание|Ледяной шип|Силовая волна|Кровопийца|Выпад|Казнь|Шаг убийцы|Веер клинков|Метка Жертвы|Арбалетный выстрел|Паутинный болт|Арбалетный залп|Костолом|Крушитель|Коготь боли|Боевое Безумие|Ярость|Упоение Битвой|Неистовство|Алая Жатва|Стальной вихрь|Проклятая душа|Сфера Тьмы|Дыхание смерти|Призыв Скелета-Лучника|Призыв Скелета|Призыв Зомби|Алая Печать|Печать Смерти|Печать Проклятых	Уровень навыка '{TITLE}' увеличен на {0}	66		Rainbow ring	The skill level of '{TITLE}' is increased by {0}	Steel fortress|Pain eater|Vow of sanctity|Torn wounds|Blessed weapon|Slashing strike|Reaper|Roar of battle|Shield throw|Jagged arrow|Quick shot|Crippling shot|Smoke bomb|Healing herbs|Shadow|Elven shot|Powerful shot|Through shot|Ball lightning|Fireball|Blade of Light|Mind control|Restoration|Barrier|Fire breath|Ice spike|Power wave|Bloodsucker|Lunge|Execution|Assassin's step|Fan of blades|Victim's Mark|Crossbow shot|Web bolt|Crossbow volley|Bonecrusher|Crusher|Claw of pain|Battle Madness|Rage|Battle Frenzy|Fury|Crimson Harvest|Steel whirlwind|Cursed soul|Sphere of Darkness|Breath of Death|Summon Skeleton-Archer|Summon Skeleton|Summon Zombie|Crimson Seal|Death Seal|Seal of the Damned
E	144	ItemEffectArtifact	Effects/RingEffects/MainRings/Ring Effect Base - Bone	Ring Effect Base - Bone	Костяное кольцо	0 0 0 0 0	0	0	10	0	12/9/0 15/12/0 17/15/0 20/18/0 25/24/0		Любой рядовой враг, убитый персонажем, с шансом в {1}% может возродиться в виде тени. Время жизни такого существа равно {2} с.	29		Bone ring	Any ordinary enemy killed by a character with a {1}% chance can be reborn as a shadow. The lifetime of such a creature is {2} s.	
E	145	ItemEffectArtifact	Effects/RingEffects/MainRings/Ring Effect Base - Gold	Ring Effect Base - Gold	Золотой перстень	0 0 0 0 0	0	0	10	0	2/0/0 3/0/0 4/0/0 5/0/0 6/0/0		Выпавшие монеты притягиваются к персонажу, а их стоимость всегда на {1} выше	39		Gold ring	Dropped coins are attracted to the character, and their value is always {1} higher	
E	146	ItemEffectArt_RingSkill	Effects/RingEffects/MainRings/Ring Effect Base - Rainbow	Ring Effect Base - Rainbow	Радужное кольцо	0 0 0 0 0	0	0	1	0	1/0/0 2/0/0 3/0/0 4/0/0 5/0/0		Любой {TYPE} навык получает +{0} к текущему уровню	69		Rainbow ring	Any {TYPE} skill gains +{0} to its current level	
E	147	ItemEffectArtifact	Effects/RingEffects/MainRings/Ring Effect Base - Shine	Ring Effect Base - Shine	Сияющее кольцо	0 0 0 0 0	0	0	0	0	2/0/0 3/0/0 4/0/0 6/0/0 8/0/0		Шанс найти экипировку лучшего качества увеличен на {1}%	27		Shining ring	Chance to find better quality equipment increased by {1}%	
E	148	ItemEffectArtifact	Effects/RingEffects/MainRings/Ring Effect Base - Smoke	Ring Effect Base - Smoke	Дымное кольцо	0 0 0 0 0	0	0	30	0	60/2/0 80/2/0 100/3/0 120/3/0 150/4/0		Вокруг персонажа вращаются {2} магические сферы, при столкновении с врагом наносящие {1}% от урона персонажа	28		Smoke ring	{2} magic spheres revolve around the character, dealing {1}% of the character's damage when colliding with an enemy	
E	149	ItemEffectArtifact	Effects/RingEffects/MainRings/Ring Effect Base - Snake	Ring Effect Base - Snake	Змеиный перстень	0 0 0 0 0	0	0	0	0	6/0/0 8/0/0 10/0/0 15/0/0 20/0/0		Персонаж может увернуться от любой атаки с шансом в {1}%	38		Snake ring	The character can dodge any attack with a {1}% chance	
E	150	ItemEffectArtifact	Effects/RingEffects/MainRings/Ring Effect Base - Steel	Ring Effect Base - Steel	Стальное кольцо	0 0 0 0 0	0	0	10	0	6/12/0 10/11/0 14/10/0 20/9/0 25/8/0		Персонажа окутывает магический щит, повышающий макс. запас ОЗ на {1} ед. При разрушении щит отбрасывает ближайших врагов, но требует перезарядки в {2} сек.	26		Steel ring	The character is enveloped in a magic shield, which increases the max HP reserve by {1} points. When destroyed, the shield knocks back nearby enemies, but requires a {2} second cooldown	
E	151	ItemEffectArtifact	Effects/RingEffects/Ring Effect - Add  Max Damage Percent	Ring Effect - Add  Max Damage Percent	Чудовищная сила	0 0 0 0 0	0	0	0	0	5/0/0 7/0/0 10/0/0 14/0/0 18/0/0		Весь наносимый урон увеличен на {1}%	37		Monstrous power	All damage dealt increased by {1}%	
E	152	ItemEffectArtifact	Effects/RingEffects/Ring Effect - Add HP and MP Percent	Ring Effect - Add HP and MP Percent	Внутренняя сила	0 0 0 0 0	0	0	0	0	5/0/0 8/0/0 10/0/0 12/0/0 16/0/0		Увеличивает макс. запас ОЗ и ОМ на {1}%	44		Inner strength	Increases the max amount of HP and MP by {1}%	
E	153	ItemEffectArtifact	Effects/RingEffects/Ring Effect - Add HP Max Percent	Ring Effect - Add HP Max Percent	Накопитель жизни	0 0 0 0 0	0	0	0	0	10/0/0 12/0/0 16/0/0 20/0/0 24/0/0		Увеличивает макс. запас ОЗ на {1}%	35		Life accumulator	Increases the max amount of HP by {1}%	
E	154	ItemEffectArtifact	Effects/RingEffects/Ring Effect - Add HP Reg Percent	Ring Effect - Add HP Reg Percent	Регенерация	0 0 0 0 0	0	0	0	0	6/0/0 8/0/0 10/0/0 15/0/0 20/0/0		Увеличивает скорость восстановления ОЗ на {1}%	31		Regeneration	Increases HP recovery rate by {1}%	
E	155	ItemEffectArtifact	Effects/RingEffects/Ring Effect - Add MoveSpeed Percent	Ring Effect - Add MoveSpeed Percent	Атлетизм	0 0 0 0 0	0	0	0	0	6/0/0 8/0/0 10/0/0 14/0/0 18/0/0		Увеличивает скорость передвижения на {1}%	3		Athleticism	Increases movement speed by {1}%	
E	156	ItemEffectArtifact	Effects/RingEffects/Ring Effect - Add MP Max Percent	Ring Effect - Add MP Max Percent	Накопитель магии	0 0 0 0 0	0	0	0	0	10/0/0 12/0/0 16/0/0 20/0/0 24/0/0		Увеличивает макс. запас ОМ на {1}%	36		Magic accumulator	Increases the max amount of MP by {1}%	
E	157	ItemEffectArtifact	Effects/RingEffects/Ring Effect - Add MP Reg Percent	Ring Effect - Add MP Reg Percent	Второе дыхание	0 0 0 0 0	0	0	0	0	6/0/0 8/0/0 10/0/0 15/0/0 20/0/0		Увеличивает скорость восстановления ОМ на {1}%	32		Second wind	Increases MP recovery rate by {1}%	
E	158	ItemEffectArtifact	Effects/RingEffects/Ring Effect - Add Push Percent	Ring Effect - Add Push Percent	Отбрасывание	0 0 0 0 0	0	0	0	0	30/0/0 40/0/0 50/0/0 62/0/0 75/0/0		Любая атака отбрасывает цель на {1}% эффективнее	33		Discarding	Any attack knocks back the target {1}% more efficiently	
E	159	ItemEffectArtifact	Effects/RingEffects/Ring Effect - Add Stat Agility	Ring Effect - Add Stat Agility	Характеристика – Ловкость	0 0 0 0 0	0	0	0	0	3/0/0 5/0/0 8/0/0 12/0/0 15/0/0		Увеличивает Ловкость на {1} ед.	5		Characteristics – Agility	Increases Agility by {1} pts.	
E	160	ItemEffectArtifact	Effects/RingEffects/Ring Effect - Add Stat Endurance	Ring Effect - Add Stat Endurance	Характеристика – Выносливость	0 0 0 0 0	0	0	0	0	3/0/0 5/0/0 8/0/0 12/0/0 15/0/0		Увеличивает Выносливость на {1} ед.	5		Characteristics – Endurance	Increases Endurance by {1} pts.	
E	161	ItemEffectArtifact	Effects/RingEffects/Ring Effect - Add Stat Intelligence	Ring Effect - Add Stat Intelligence	Характеристика – Разум	0 0 0 0 0	0	0	0	0	3/0/0 5/0/0 8/0/0 12/0/0 15/0/0		Увеличивает Разум на {1} ед.	5		Characteristics – Intelligence	Increases Intelligence by {1} pts.	
E	162	ItemEffectArtifact	Effects/RingEffects/Ring Effect - Add Stat Strength	Ring Effect - Add Stat Strength	Характеристика – Сила	0 0 0 0 0	0	0	0	0	3/0/0 5/0/0 8/0/0 12/0/0 15/0/0		Увеличивает Силу на {1} ед.	5		Characteristics – Strength	Increases Strength by {1} pts.	
E	163	ItemEffectArtifact	Effects/RingEffects/Ring Effect - Add Weap Max Damage Chance	Ring Effect - Add Weap Max Damage Chance	Оружейный Мастер	0 0 0 0 0	0	0	0	0	30/0/0 40/0/0 50/0/0 65/0/0 80/0/0		Вероятность нанести макс. урон оружием увеличена на {1}%	34	179	Weapon Master	Probability to apply max. weapon damage increased by {1}%	
E	164	ItemEffectArtifact	Effects/RingEffects/Ring Effect - Add XP Percent	Ring Effect - Add XP Percent	Проницательность	0 0 0 0 0	0	0	0	0	7/0/0 9/0/0 12/0/0 15/0/0 18/0/0		Увеличивает получаемый опыт на {1}%	30		Insight	Increases experience gained by {1}%	
E	165	ItemEffectArtifact	Effects/RingEffects/Ring Effect - Aura Anti Humanoid	Ring Effect - Aura Anti Humanoid	Пламя Скверны	0 0 0 0 0	0	0	0	0	5/0/0 7/0/0 9/0/0 12/0/0 14/0/0		Ближайшие гуманоиды отбрасываются и ежесекундно получают урон, равный {1}% от урона персонажа	53		Flame of Fel	Nearby humanoids are knocked back and take damage equal to {1}% of the character's damage every second	
E	166	ItemEffectArtifact	Effects/RingEffects/Ring Effect - Aura Anti Undead	Ring Effect - Aura Anti Undead	Пламя Святости	0 0 0 0 0	0	0	0	0	5/0/0 7/0/0 9/0/0 12/0/0 14/0/0		Ближайшая нежить ежесекундно отбрасывается и получает урон, равный {1}% от урона персонажа	52		Flame of Holiness	Nearby undead are knocked back every second and take damage equal to {1}% of the character's damage	
E	167	ItemEffectArtifact	Effects/RingEffects/Ring Effect - Aura Fire Shield	Ring Effect - Aura Fire Shield	Внутреннее пламя	0 0 0 0 0	0	0	0	0	20/0/0 25/0/0 30/0/0 35/0/0 40/0/0		При получении урона вокруг персонажа образуется кольцо огня, наносящее ближайшим врагам урон, равный {1}% полученного персонажем	41		Inner flame	When receiving damage, the ring of fire deals damage to nearby enemies equal to {1}% of the damage taken by the character	
E	168	ItemEffectArtifact	Effects/RingEffects/Ring Effect - Aura Slow	Ring Effect - Aura Slow	Аура Вязкости	0 0 0 0 0	0	0	0	0	18/0/0 24/0/0 30/0/0 35/0/0 40/0/0		Ближайшие враги двигаются на {1}% медленнее	51		Aura of Viscosity	Nearby enemies move {1}% slower	
E	169	ItemEffectArtifact	Effects/RingEffects/Ring Effect - Resist Pois Pert Percent	Ring Effect - Resist Pois Pert Percent	Иммунитет	0 0 0 0 0	0	0	0	0	20/0/0 23/0/0 26/0/0 30/0/0 35/0/0		Сопротивление отравлению и окаменению на {1}% выше	40		Immunity	Poison and Petrification Resistances {1}% higher	
E	170	ItemEffectArtifact	Effects/RingEffects/Ring Effect - Skill Points Damage	Ring Effect - Skill Points Damage	Дыхание Хаоса	0 0 0 0 0	0	0	0	0	1/0/0 2/0/0 3/0/0 4/0/0 5/0/0		Наносимый урон увеличен на случ. величину между 0 и 0.{1} ед. за каждое неиспользованное очко навыка (но не более чем на [тек. этаж * 4] очков)	50		Breath of Chaos	Damage dealt is increased by a random amount between 0 and 0.{1} points for each unused skill point (but not more than [current floor * 4] points)	
E	171	ItemEffectArtifact	Effects/RingEffects/Ring Effect - Skill Points Defence	Ring Effect - Skill Points Defence	Духовная сила	0 0 0 0 0	0	0	0	0	2/0/0 3/0/0 4/0/0 5/0/0 7/0/0		Физ. защита увеличена на 0.{1} ед. за каждое неиспользованное очко навыка (но не более чем на [тек. этаж * 5] очков)	54		Spiritual strength	Phys. defense increased by 0.{1} points for each unused skill point (but not more than [current floor * 5] points)	
E	172	ItemEffectArtifact	Effects/RingEffects/Ring Effect - Stat Eff - Endurance	Ring Effect - Stat Eff - Endurance	Стальная плоть	0 0 0 0 0	0	0	0	0	35/0/0 40/0/0 45/0/0 50/0/0 60/0/0		Каждая единица Выносливости дополнительно увеличивает запас ОЗ на 0.{1} ед.	43		Steel flesh	Each point of Endurance additionally increases HP by 0.{1} pts.	
E	173	ItemEffectArtifact	Effects/RingEffects/Ring Effect - Stat Eff - Intelligence	Ring Effect - Stat Eff - Intelligence	Озарение	0 0 0 0 0	0	0	0	0	35/0/0 40/0/0 45/0/0 50/0/0 60/0/0		Каждая единица Разума дополнительно увеличивает запас ОМ на 0.{1} ед.	43		Enlightenment	Each point of Intelligence increases the MP by an additional 0.{1} pts.	
E	174	ItemEffectArtifact	Effects/RingEffects/Ring Effect - Stat Eff - Strength	Ring Effect - Stat Eff - Strength	Неудержимая мощь	0 0 0 0 0	0	0	0	0	20/0/0 25/0/0 30/0/0 35/0/0 45/0/0		Каждая единица Силы дополнительно увеличивает урон на 0.{1} ед.	43		Unstoppable power	Each point of Strength additionally increases damage by 0.{1} pts.	
E	175	ItemEffectArtifact	Effects/RingEffects/Ring Effect - Up Def - Down Dmg	Ring Effect - Up Def - Down Dmg	Глухая оборона	0 0 0 0 0	0	0	0	0	10/10/0 12/9/0 14/8/0 16/7/0 20/5/0		Физ. защита увеличена на {1}%, но наносимый урон снижен на {2}%	46	177	Blind defense	Phys. defense increased by {1}%, but damage dealt decreased by {2}%	
E	176	ItemEffectArtifact	Effects/RingEffects/Ring Effect - Up Def - Down Speed	Ring Effect - Up Def - Down Speed	Стойкость	0 0 0 0 0	0	0	30	0	16/0/0 20/0/0 25/0/0 30/0/0 35/0/0		Эффективность надетой брони на {1}% выше, но и штраф к скорости передвижения выше на {0}%	47		Persistence	Equipped armor is {1}% more effective, but movement speed penalty is {0}% higher	
E	177	ItemEffectArtifact	Effects/RingEffects/Ring Effect - Up Dmg - Down Def	Ring Effect - Up Dmg - Down Def	Слепая ярость	0 0 0 0 0	0	0	0	0	10/10/0 12/9/0 14/8/0 16/7/0 20/5/0		Наносимый урон увеличен на {1}%, но физ. защита снижена на {2}%	45	175	Blind fury	Damage dealt increased by {1}%, but phys. defense reduced by {2}%	
E	178	ItemEffectArtifact	Effects/RingEffects/Ring Effect - Weapon Min and Max	Ring Effect - Weapon Min and Max	Берсерк	0 0 0 0 0	0	0	0	0	30/0/0 35/0/0 40/0/0 45/0/0 50/0/0		Минимальный урон от оружия на {1}% ниже, а максимальный - на столько же выше	48	179	Berserk	The minimum weapon damage is {1}% lower, and the maximum damage is the same amount higher	
E	179	ItemEffectArtifact	Effects/RingEffects/Ring Effect S - Dis Weapon Min and Max	Ring Effect S - Dis Weapon Min and Max	Сосредоточенность	0 0 0 0 0	0	0	0	0			Оружие всегда наносит средний урон	49	178,163	Concentration	Weapons always do medium damage	
E	180	ItemEffectArtifact	Effects/RingEffects/Ring Effect S - Ignore Mechanisms	Ring Effect S - Ignore Mechanisms	Хладнокровие	0 0 0 0 0	0	0	0	0			Все механизмы становятся нейтральны к персонажу, если он не атакует первым	42		Composure	All mechanisms become neutral to the character if he does not attack first	
E	181	ItemEffectWeapon	Effects/Weapon Effects/1.23/Melee Effect - Defence	Melee Effect - Defence	Дуэлянт	40 60 80 120 150	0	0	0	0			Физ. защита увеличена на {0} ед.	-1		Duelist	Phys. def. increased by {0} pts	
E	182	ItemEffectWeapon	Effects/Weapon Effects/1.23/Melee Effect - Ignore Shield	Melee Effect - Ignore Shield	Таран	30 40 50 65 80	0	0	0	0			Удары этим оружием игнорируют {0}% защиты поднятого щита цели	-1		Battering Ram	Hits with this weapon ignore {0}% of the defense provided by the target’s raised shield	
E	183	ItemEffectWeapon	Effects/Weapon Effects/1.23/Melee Effect - Range	Melee Effect - Range	Размах	10 15 18 24 30	0	0	0	0			Область действия атакующих навыков ув. на {0}%	-1		Range	The range of attack skills is increased by {0}%	
E	184	ItemEffectWeapon	Effects/Weapon Effects/1.23/Weapon Effect - Bum	Weapon Effect - Bum	Подрывник	75 100 150 200 300	0	0	0	0			Погибнув от атаки этим оружием цель взрывается, нанося существам вокруг {0}% полученного урона	-1		Exploder	When a target dies to an attack with this weapon, it explodes, dealing {0}% of the damage it took to nearby creatures	
E	185	ItemEffectWeapon	Effects/Weapon Effects/1.23/Weapon Effect - Damage Mod	Weapon Effect - Damage Mod	Острота	2 3 5 7 10	0	0	0	0			Базовый урон увеличен на {0} единицы	-1		Sharpness	Base damage increased by {0} points	
E	186	ItemEffectWeapon	Effects/Weapon Effects/1.23/Weapon Effect - Devouring	Weapon Effect - Devouring	Поглощение Душ	20 25 30 40 50	0	0	0	0			При убийстве персонаж получает на {0}% больше опыта, но из существ выпадает меньше предметов и золота	-1		Absorption of the Souls	On kill, the character gains {0}% more experience, but item and gold drops from creatures are reduced	
E	187	ItemEffectWeapon	Effects/Weapon Effects/1.23/Weapon Effect - Murderer	Weapon Effect - Murderer	Душегуб	15 20 25 30 35	0	0	0	0			Увеличивает наносимый оружием урон на {0}%, но каждый успешный удар возвращает хозяину оружия урон, равный 1% его макс. ОЗ	-1		Murderer	Increases weapon damage dealt by {0}%, but each successful hit deals damage to the wielder equal to 1% of their max HP	
E	188	ItemEffectWeapon	Effects/Weapon Effects/1.23/Weapon Effect - Paralisys	Weapon Effect - Paralisys	Паралич	25 32 40 55 70	0	0	0	0			С шансом в {0}% в течение 5 секунд после удара цель вместо восст. ОЗ будет получать то же значение урона, что должна была восстановить	-1		Paralysis	With a {0}% chance, for 5 s after a hit, the target takes damage instead of HP restoration equal to the amount it would have recovered	
E	189	ItemEffectWeapon	Effects/Weapon Effects/1.33/Weapon Effect - Damage Animals	Weapon Effect - Damage Animals	Живодер	12 20 25 35 50	0	0	0	0			Каждый удар наносит на {0}% больше урона зверям	-1		Flayer	Each hit deals {0}% more damage to beasts	
E	190	ItemEffectWeapon	Effects/Weapon Effects/1.33/Weapon Effect - David	Weapon Effect - David	Убийца великанов	15 20 25 30 40	0	0	0	0			Существа, чей уровень выше, чем кол-во очков навыков персонажа, получают на {0}% больше урона	-1		Giant slayer	Creatures whose level is higher than the character’s number of Skill Points take {0}% more damage	
E	191	ItemEffectWeapon	Effects/Weapon Effects/1.33/Weapon Effect - First Punch	Weapon Effect - First Punch	Яростный натиск	30 40 50 65 80	0	0	0	0			Первый удар по противнику всегда наносит ему на {0}% больше урона	-1		Furious onslaught	The first hit against an enemy always deals {0}% more damage	
E	192	ItemEffectWeapon	Effects/Weapon Effects/1.33/Weapon Effect - Frost	Weapon Effect - Frost	Мороз	2 3 5 8 12	1	0	0	0			Оружие наносит доп. {0} ед. ледяного урона	-1		Frost	The weapon deals an additional {0} ice damage	
E	193	ItemEffectWeapon	Effects/Weapon Effects/1.33/Weapon Effect - Goliath	Weapon Effect - Goliath	Голиаф	30 40 50 65 80	0	0	0	0			Существа, убитые одним ударом, приносят на {0}% больше опыта	-1		Goliath	Creatures killed in a single hit grant {0}% more experience	
E	194	ItemEffectWeapon	Effects/Weapon Effects/1.33/Weapon Effect - Hunter	Weapon Effect - Hunter	Охотник за головами	12 15 18 24 30	0	0	0	0			Усиленные и Элитные существа получают на {0}% больше урона	-1		Bounty Hunter	Empowered and Elite creatures take {0}% more damage	
E	195	ItemEffectWeapon	Effects/Weapon Effects/1.35/Weapon Effect - Damage Summons	Weapon Effect - Damage Summons	Изгнание	30 40 50 75 100	0	0	0	0			Урон по призванным существам увеличен на {0}%	-1		Banishment	Damage against summoned creatures increased by {0}%	
E	196	ItemEffectWeapon	Effects/Weapon Effects/1.35/Weapon Effect - Full Hp Damage Mod	Weapon Effect - Full Hp Damage Mod	Погром	8 12 15 18 24	0	0	0	0			Урон увеличен на {0}%, если у персонажа полный запас ОЗ	-1		Pogrom	Damage increased by {0}% if character is at full HP	
E	197	ItemEffectWeapon	Effects/Weapon Effects/1.35/Weapon Effect - Ignoe Armor	Weapon Effect - Ignoe Armor	Дробление	15 20 25 30 35	0	0	0	0			Оружие игнорирует {0}% защиты противника	-1		Crushing	Weapon ignores {0}% of enemy defense	
E	198	ItemEffectWeapon	Effects/Weapon Effects/1.35/Weapon Effect - Melee Zone Mod	Weapon Effect - Melee Zone Mod	Жатва	10 15 18 22 28	0	0	0	0			Увеличивает итоговый урон на {0}% за каждого доп. противника, пораженного одной атакой	-1		Reaping	Increases the final damage by {0}% for each additional enemy hit by a single attack	
E	199	ItemEffectWeapon	Effects/Weapon Effects/1.37/Weapon Effect - Damage Electro	Weapon Effect - Damage Electro	Гроза	2 3 5 8 12	0	0	0	0			Оружие наносит доп. {0} ед. молниевого урона	-1		Storm	The weapon deals an additional {0} lightning damage	
E	200	ItemEffectWeapon	Effects/Weapon Effects/1.37/Weapon Effect - Damage Humanoids	Weapon Effect - Damage Humanoids	Истребление	12 20 25 35 50	0	0	0	0			Каждый удар наносит на {0}% больше урона гуманоидам	-1		Extermination	Each hit deals {0}% more damage to humanoids	
E	201	ItemEffectWeapon	Effects/Weapon Effects/1.38/Weapon Bow Effect - Double	Weapon Bow Effect - Double	Дубликатор	15 20 25 30 35	0	0	0	0			С шансом в {0}% при выстреле персонаж выпустит доп. снаряд в том же направлении	-1		Duplicator	With a {0}% chance on shot, the character will fire an extra projectile in the same direction	
E	202	ItemEffectWeapon	Effects/Weapon Effects/1.38/Weapon Bow Effect - Speed	Weapon Bow Effect - Speed	Ускорение снарядов	25 30 35 40 50	0	0	0	0			Снаряды, выпущенные из этого лука, летят на {0}% быстрее	-1		Projectile Acceleration	Projectiles fired from this bow fly {0}% faster	
E	203	ItemEffectWeapon	Effects/Weapon Effects/1.38/Weapon Effect - Bloodletting	Weapon Effect - Bloodletting	Кровопускание	2 3 5 7 10	0	0	0	0			Успешная атака заполняет шкалу кровотечения цели на {0} ед.	-1		Bloodletting	A successful attack fills the target’s Bleed gauge by {0}	
E	204	ItemEffectWeapon	Effects/Weapon Effects/1.38/Weapon Effect - Chisel	Weapon Effect - Chisel	Резец	2 3 5 7 10	0	0	0	0			Каждый удар навсегда снижает защиту цели на {0} ед.	-1		Chisel	Each hit permanently reduces the target’s defense by {0}	
E	205	ItemEffectWeapon	Effects/Weapon Effects/1.38/Weapon Effect - Magic Charge	Weapon Effect - Magic Charge	Колдовской заряд	4 5 7 9 12	0	0	0	0			После убийства противника в теч. {0} с. все навыки расходуют на 50% меньше ОМ	-1		Arcane Charge	After killing an enemy, for {0} s all skills consume 50% less MP	
E	206	ItemEffectWeapon	Effects/Weapon Effects/1.38/Weapon Effect - Torture	Weapon Effect - Torture	Истязание	25 35 50 75 100	0	0	0	0			Урон крит. атак ув. на {0}%	-1		Torture	Critical attack damage increased by {0}%	
E	207	ItemEffectWeapon	Effects/Weapon Effects/Alt Skills/WUnique Effect - Skill (Spd) - Front Attack	WUnique Effect - Skill (Spd) - Front Attack	WUnique Effect - Skill (Spd) - Front Attack	0 0 0 0 0	0	0	0	0				-1		WUnique Effect - Skill (Spd) - Front Attack		
E	208	ItemEffectWeapon	Effects/Weapon Effects/Weapon Effect - Containers	Weapon Effect - Containers	Мародерство	10 12 15 20 24	0	0	0	0			С шансом в {0}% из сундука выпадет доп. предмет. Урон по всем контейнерам увеличен втрое	-1		Marauding	With a {0}% chance, a chest drops an extra item. Damage to all containers is tripled	
E	209	ItemEffectWeapon	Effects/Weapon Effects/Weapon Effect - Damage Boss	Weapon Effect - Damage Boss	Богоубийца	10 15 20 25 30	0	0	0	0			Наносит на {0}% больше урона по всем Боссам и Чемпионам монстров	-1		Godslayer	Deals {0}% more damage to all Bosses and Monster Champions	
E	210	ItemEffectWeapon	Effects/Weapon Effects/Weapon Effect - Damage Demons	Weapon Effect - Damage Demons	Искоренение	12 20 25 35 50	0	0	0	0			Каждый удар наносит на {0}% больше урона демонам	-1		Eradication	Each hit deals {0}% more damage to demons	
E	211	ItemEffectWeapon	Effects/Weapon Effects/Weapon Effect - Damage Fire	Weapon Effect - Damage Fire	Горение	2 3 5 8 12	1	0	0	0			Оружие наносит доп. {0} ед. огненного урона	-1		Burning	The weapon deals an additional {0} fire damage	
E	212	ItemEffectWeapon	Effects/Weapon Effects/Weapon Effect - Damage Poison	Weapon Effect - Damage Poison	Отравление	4 6 9 12 15	0	0	0	0			Каждый удар заполняет шкалу отравления цели на {0} ед.	-1		Poison	Each hit fills the target’s Poison gauge by {0}	
E	213	ItemEffectWeapon	Effects/Weapon Effects/Weapon Effect - Damage Undead	Weapon Effect - Damage Undead	Очищение	12 20 25 35 50	0	0	0	0			Каждый удар наносит на {0}% больше урона нежити	-1		Sanctification	Each hit deals {0}% more damage to undead	
E	214	ItemEffectWeapon	Effects/Weapon Effects/Weapon Effect - Destroy Walls	Weapon Effect - Destroy Walls	Разрушение Стен	0 0 0 0 0	0	0	0	0			Позволяет ударами разрушать тонкие стены	-1		Wall Destruction	Allows blows to shatter thin walls	
E	215	ItemEffectWeapon	Effects/Weapon Effects/Weapon Effect - Reaper	Weapon Effect - Reaper	Жнец	10 14 17 20 25	0	0	0	0			Любой противник с запасом здоровья меньше {0}% может погибнуть от одного удара	-1		Reaper	Any enemy with less than {0}% health can be killed by a single hit	
E	216	ItemEffectWeapon	Effects/Weapon Effects/Weapon Effect - Vamp HP	Weapon Effect - Vamp HP	Вампиризм	2 3 4 6 8	0	0	0	0			Убийство живого врага этим оружием восст. {0} ОЗ персонажу	-1		Vampirism	Killing a living enemy with this weapon restores {0} HP to the character	
E	217	ItemEffectWeapon	Effects/Weapon Effects/Weapon Effect - Vamp MP	Weapon Effect - Vamp MP	Иссушение	3 5 7 10 14	0	0	0	0			Убийство любого врага этим оружием восст. {0} ОМ персонажу	-1		Searing	Killing any enemy with this weapon restores {0} MP to the character	
E	218	ItemEffectWeapon	Effects/Weapon Effects/WUnique Effect - Ressurect Skeletons	WUnique Effect - Ressurect Skeletons	Темный ритуал	5 7 12 15 20	0	0	0	0			При убийстве любого живого существа оно может воскреснуть в виде скелета с вероятностью {0}%, чей уровень вдвое ниже уровня убитого существа. Макс. число скелетов увеличивается на 1 за каждые 7 очков Разума	-1		Dark ritual	When you kill any living creature, it can resurrect as a skeleton with a {0}% chance, whose level is half the level of the killed creature. The max number of skeletons increases by 1 for every 7 Intelligence points	
E	219	ItemEffectWeapon	Effects/Weapon Effects/WUnique Effect - Stun Chance	WUnique Effect - Stun Chance	Оглушение	1 2 3 4 5	0	0	0	0			Каждая атака этим оружием имеет 2% шанс оглушить цель	-1		Stunning	Each attack with this weapon has a 2% chance to stun the target	
#items
I	items/alternatives/crossbow	SO_ItemShield_Alt	Ручной арбалет	0				Items/Alternatives/CrossBow	500	0	0		-1	0	0	0	Hand crossbow
I	items/armor/armor10.1strongarmor	SO_ItemBody	Рыцарский доспех	0	77	67,68,69,70,71,73,74,76,77,0,1,2,3,5,6,7,8,20,21,22,23,24,25,45,50,51,52,53,54,55,56,57		Items/Armor/Armor10.1StrongArmor	1900	0	1		-1	145	0	0	Knight's armor
I	items/armor/armor10.2strongchainmail	SO_ItemBody	Геральдическая кольчуга	0	7	67,68,69,70,71,73,74,76,77,0,1,2,3,5,6,7,8,20,21,22,23,24,25,45,50,51,52,53,54,55,56,57		Items/Armor/Armor10.2StrongChainMail	1800	0	1		-1	105	0	0	Heraldic chainmail
I	items/armor/armor10.3shadowrobe	SO_ItemBody	Черная роба	0	34	67,68,69,70,71,73,74,76,77,0,1,2,3,5,6,7,8,20,21,22,23,24,25,45,50,51,52,53,54,55,56,57		Items/Armor/Armor10.3ShadowRobe	1600	0	1		-1	90	0	0	Black robe
I	items/armor/armor10graceful	SO_ItemBody	Изящный доспех	0		67,68,69,70,71,73,74,76,77,0,1,2,3,5,6,7,8,20,21,22,23,24,25,45,50,51,52,53,54,55,56,57		Items/Armor/Armor10Graceful	1750	0	1		-1	120	0	0	Graceful armor
I	items/armor/armor11cavalry	SO_ItemBody	Кавалерийский доспех	0		67,68,69,70,71,73,74,76,77,0,1,2,3,5,6,7,8,20,21,22,23,24,25,45,50,51,52,53,54,55,56,57		Items/Armor/Armor11Cavalry	1100	0	1		-1	75	0	0	Cavalry armor
I	items/armor/armor12heavy	SO_ItemBody	Тяжелый доспех	0		67,68,69,70,71,73,74,76,77,0,1,2,3,5,6,7,8,20,21,22,23,24,25,45,50,51,52,53,54,55,56,57		Items/Armor/Armor12Heavy	2000	0	1		-1	150	0	0	Heavy armor
I	items/armor/armor2.8oldshirt	SO_ItemBody	Нищенская рубаха	0	17	67,68,69,70,71,73,74,76,77,0,1,2,3,5,6,7,8		Items/Armor/Armor2.8OldShirt	160	0	1		-1	15	0	0	Beggar's shirt
I	items/armor/armor2rags	SO_ItemBody	Лохмотья	0		67,68,69,70,71,73,74,76,77,0,1,2,3,5,6,7,8,20,21,22,23,24,25,45,50,51,52,53,54,55,56,57		Items/Armor/Armor2Rags	70	0	1		-1	12	0	0	Rags
I	items/armor/armor3.4nudecostum	SO_ItemBody	Набедренная повязка	0		67,68,69,70,71,73,74,76,77,0,1,2,3,5,6,7,8,20,21,22,23,24,25,45,50,51,52,53,54,55,56,57		Items/Armor/Armor3.4NudeCostum	190	0	1		-1	20	0	0	Loincloth
I	items/armor/armor3.5ragsplus	SO_ItemBody	Укрепленные лохмотья	0		67,68,69,70,71,73,74,76,77,0,1,2,3,5,6,7,8,20,21,22,23,24,25,45,50,51,52,53,54,55,56,57		Items/Armor/Armor3.5RagsPlus	180	0	1		-1	20	0	0	Forged rags
I	items/armor/armor3.6oldrobe	SO_ItemBody	Изношенная ряса	0		67,68,69,70,71,73,74,76,77,0,1,2,3,5,6,7,8,20,21,22,23,24,25,45,50,51,52,53,54,55,56,57		Items/Armor/Armor3.6OldRobe	340	0	1		-1	34	0	0	Worn cassock
I	items/armor/armor3.7oldcloak	SO_ItemBody	Старый плащ	0		67,68,69,70,71,73,74,76,77,0,1,2,3,5,6,7,8,20,21,22,23,24,25,45,50,51,52,53,54,55,56,57		Items/Armor/Armor3.7OldCloak	250	0	1		-1	30	0	0	Old cloak
I	items/armor/armor3.8speedshirt	SO_ItemBody	Рабочая одежда	0	8	67,68,69,70,71,73,74,76,77,0,1,2,3,5,6,7,8,20,21,22,23,24,25,45,50,51,52,53,54,55,56,57		Items/Armor/Armor3.8SpeedShirt	350	0	1		-1	28	0	0	Work clothes
I	items/armor/armor3shirt	SO_ItemBody	Рубаха	0		67,68,69,70,71,73,74,76,77,0,1,2,3,5,6,7,8,20,21,22,23,24,25,45,50,51,52,53,54,55,56,57		Items/Armor/Armor3Shirt	140	0	1		-1	18	0	0	Shirt
I	items/armor/armor4.2merchcloth	SO_ItemBody	Купеческие одежды	0	19	67,68,69,70,71,73,74,76,77,0,1,2,3,5,6,7,8,20,21,22,23,24,25,45,50,51,52,53,54,55,56,57		Items/Armor/Armor4.2MerchCloth	260	0	1		-1	10	0	0	Merchant clothing
I	items/armor/armor4robe	SO_ItemBody	Роба	0	3	67,68,69,70,71,73,74,76,77,0,1,2,3,5,6,7,8,20,21,22,23,24,25,45,50,51,52,53,54,55,56,57		Items/Armor/Armor4Robe	500	0	1		-1	25	0	0	Robe
I	items/armor/armor5.4rustchain	SO_ItemBody	Ржавая кольчуга	0	46	67,68,69,70,71,73,74,76,77,0,1,2,3,5,6,7,8,20,21,22,23,24,25,45,50,51,52,53,54,55,56,57		Items/Armor/Armor5.4RustChain	450	0	1		-1	47	0	0	Rusty chainmail
I	items/armor/armor5.5cloakplus	SO_ItemBody	Чужеземный плащ	0		67,68,69,70,71,73,74,76,77,0,1,2,3,5,6,7,8,20,21,22,23,24,25,45,50,51,52,53,54,55,56,57		Items/Armor/Armor5.5CloakPlus	740	0	1		-1	40	0	0	Foreign cloak
I	items/armor/armor5.6oldarmor	SO_ItemBody	Прогнившие латы	0		67,68,69,70,71,73,74,76,77,0,1,2,3,5,6,7,8,20,21,22,23,24,25,45,50,51,52,53,54,55,56,57		Items/Armor/Armor5.6OldArmor	480	0	1		-1	55	0	0	Rotten breastplate
I	items/armor/armor5.7leatherbib	SO_ItemBody	Клепаный нагрудник	0		67,68,69,70,71,73,74,76,77,0,1,2,3,5,6,7,8,20,21,22,23,24,25,45,50,51,52,53,54,55,56,57		Items/Armor/Armor5.7leatherBib	400	0	1		-1	44	0	0	Riveted breastplate
I	items/armor/armor5cloak	SO_ItemBody	Плащ	0		67,68,69,70,71,73,74,76,77,0,1,2,3,5,6,7,8,20,21,22,23,24,25,45,50,51,52,53,54,55,56,57		Items/Armor/Armor5Cloak	175	0	1		-1	20	0	0	Cloak
I	items/armor/armor6.2soldiercloth	SO_ItemBody	Солдатский камзол	0	7	67,68,69,70,71,73,74,76,77,0,1,2,3,5,6,7,8,20,21,22,23,24,25,45,50,51,52,53,54,55,56,57		Items/Armor/Armor6.2SoldierCloth	410	0	1		-1	35	0	0	Soldier's camisole
I	items/armor/armor6.3quiltedchain	SO_ItemBody	Пластинчатая кираса	0		67,68,69,70,71,73,74,76,77,0,1,2,3,5,6,7,8,20,21,22,23,24,25,45,50,51,52,53,54,55,56,57		Items/Armor/Armor6.3quiltedChain	620	0	1		-1	60	0	0	Plate cuirass
I	items/armor/armor6.4quiltedarmor	SO_ItemBody	Старые латы	0		67,68,69,70,71,73,74,76,77,0,1,2,3,5,6,7,8,20,21,22,23,24,25,45,50,51,52,53,54,55,56,57		Items/Armor/Armor6.4quiltedArmor	715	0	1		-1	74	0	0	Old armor
I	items/armor/armor6.5quiltedvest	SO_ItemBody	Стеганый жилет	0		67,68,69,70,71,73,74,76,77,0,1,2,3,5,6,7,8,20,21,22,23,24,25,45,50,51,52,53,54,55,56,57		Items/Armor/Armor6.5quiltedVest	840	0	1		-1	65	0	0	Quilted vest
I	items/armor/armor6.6thiefcloth	SO_ItemBody	Воровской наряд	0	18	67,68,69,70,71,73,74,76,77,0,1,2,3,5,6,7,8,20,21,22,23,24,25,45,50,51,52,53,54,55,56,57		Items/Armor/Armor6.6thiefCloth	600	0	1		-1	48	0	0	Thieves outfit
I	items/armor/armor6.7zombiearmor	SO_ItemBody	Зловонные латы	0	13	67,68,69,70,71,73,74,76,77,0,1,2,3,5,6,7,8,20,21,22,23,24,25,45,50,51,52,53,54,55,56,57		Items/Armor/Armor6.7ZombieArmor	620	0	1		-1	70	0	0	Fetid breastplate
I	items/armor/armor6.8foormanchain	SO_ItemBody	Воинская кольчуга	0	46	67,68,69,70,71,73,74,76,77,0,1,2,3,5,6,7,8,20,21,22,23,24,25,45,50,51,52,53,54,55,56,57		Items/Armor/Armor6.8FoormanChain	800	0	1		-1	70	0	0	Warrior's chainmail
I	items/armor/armor6leather	SO_ItemBody	Кожаные латы	0		67,68,69,70,71,73,74,76,77,0,1,2,3,5,6,7,8,20,21,22,23,24,25,45,50,51,52,53,54,55,56,57		Items/Armor/Armor6Leather	380	0	1		-1	48	0	0	Leather armor
I	items/armor/armor7.2ironbib	SO_ItemBody	Железный нагрудник	0		67,68,69,70,71,73,74,76,77,0,1,2,3,5,6,7,8,20,21,22,23,24,25,45,50,51,52,53,54,55,56,57		Items/Armor/Armor7.2IronBib	780	0	1		-1	78	0	0	Iron breastplate
I	items/armor/armor7rust	SO_ItemBody	Ржавый доспех	0		67,68,69,70,71,73,74,76,77,0,1,2,3,5,6,7,8,20,21,22,23,24,25,45,50,51,52,53,54,55,56,57		Items/Armor/Armor7Rust	540	0	1		-1	70	0	0	Rusty armor
I	items/armor/armor8.1armormers	SO_ItemBody	Старинный доспех	0		67,68,69,70,71,73,74,76,77,0,1,2,3,5,6,7,8,20,21,22,23,24,25,45,50,51,52,53,54,55,56,57		Items/Armor/Armor8.1ArmorMers	800	0	1		-1	82	0	0	Ancient armor
I	items/armor/armor8.1steelbib	SO_ItemBody	Стальной нагрудник	0		67,68,69,70,71,73,74,76,77,0,1,2,3,5,6,7,8,20,21,22,23,24,25,45,50,51,52,53,54,55,56,57		Items/Armor/Armor8.1SteelBib	950	0	1		-1	90	0	0	Steel breastplate
I	items/armor/armor8.2armorwanderer	SO_ItemBody	Полудоспех	0		67,68,69,70,71,73,74,76,77,0,1,2,3,5,6,7,8,20,21,22,23,24,25,45,50,51,52,53,54,55,56,57		Items/Armor/Armor8.2ArmorWanderer	840	0	1		-1	80	0	0	Half-armor
I	items/armor/armor8.3armorguard	SO_ItemBody	Церемониальные латы	0	38	67,68,69,70,71,73,74,76,77,0,1,2,3,5,6,7,8,20,21,22,23,24,25,45,50,51,52,53,54,55,56,57		Items/Armor/Armor8.3ArmorGuard	1100	0	1		-1	65	0	0	Ceremonial armor
I	items/armor/armor8.4chainscaled	SO_ItemBody	Чешуйчатая кольчуга	0		67,68,69,70,71,73,74,76,77,0,1,2,3,5,6,7,8,20,21,22,23,24,25,45,50,51,52,53,54,55,56,57		Items/Armor/Armor8.4ChainScaled	850	0	1		-1	74	0	0	Scale mail
I	items/armor/armor8.5studrobe	SO_ItemBody	Ученическая мантия	0	15	67,68,69,70,71,73,74,76,77,0,1,2,3,5,6,7,8,20,21,22,23,24,25,45,50,51,52,53,54,55,56,57		Items/Armor/Armor8.5StudRobe	1200	0	1		-1	45	0	0	Student's mantle
I	items/armor/armor8.6platearmor	SO_ItemBody	Пластинчатый доспех	0		67,68,69,70,71,73,74,76,77,0,1,2,3,5,6,7,8,20,21,22,23,24,25,45,50,51,52,53,54,55,56,57		Items/Armor/Armor8.6PlateArmor	1080	0	1		-1	95	0	0	Plate armor
I	items/armor/armor8.7strongleatherarmor	SO_ItemBody	Дубленый нагрудник	0		67,68,69,70,71,73,74,76,77,0,1,2,3,5,6,7,8,20,21,22,23,24,25,45,50,51,52,53,54,55,56,57		Items/Armor/Armor8.7StrongLeatherArmor	900	0	1		-1	68	0	0	Tanned cuirass
I	items/armor/armor8chain	SO_ItemBody	Кольчуга	0	46	67,68,69,70,71,73,74,76,77,0,1,2,3,5,6,7,8,20,21,22,23,24,25,45,50,51,52,53,54,55,56,57		Items/Armor/Armor8Chain	820	0	1		-1	65	0	0	Chainmail
I	items/armor/armor9.1heraldicarmor	SO_ItemBody	Геральдический доспех	0		67,68,69,70,71,73,74,76,77,0,1,2,3,5,6,7,8,20,21,22,23,24,25,45,50,51,52,53,54,55,56,57		Items/Armor/Armor9.1HeraldicArmor	1450	0	1		-1	80	0	0	Heraldic armor
I	items/armor/armor9.2orcchain	SO_ItemBody	Орочья кольчуга	0	46	67,68,69,70,71,73,74,76,77,0,1,2,3,5,6,7,8,20,21,22,23,24,25,45,50,51,52,53,54,55,56,57		Items/Armor/Armor9.2OrcChain	950	0	1		-1	60	0	0	Orcish Chainmail
I	items/armor/armor9.3strongplate	SO_ItemBody	Гвардейские латы	0	71	67,68,69,70,71,73,74,76,77,0,1,2,3,5,6,7,8,20,21,22,23,24,25,45,50,51,52,53,54,55,56,57		Items/Armor/Armor9.3StrongPlate	1250	0	1		-1	86	0	0	Guard's plate armor
I	items/armor/armor9.4lorica	SO_ItemBody	Пехотная лорика	0	26	67,68,69,70,71,73,74,76,77,0,1,2,3,5,6,7,8,20,21,22,23,24,25,45,50,51,52,53,54,55,56,57		Items/Armor/Armor9.4Lorica	1500	0	1		-1	92	0	0	Infantry lorica
I	items/armor/armor9iron	SO_ItemBody	Железный доспех	0		67,68,69,70,71,73,74,76,77,0,1,2,3,5,6,7,8,20,21,22,23,24,25,45,50,51,52,53,54,55,56,57		Items/Armor/Armor9Iron	1300	0	1		-1	110	0	0	Iron armor
I	items/armor/armor_spec_1	SO_ItemBody	Варварский доспех	0	51	67,68,69,70,71,73,74,76,77,0,1,2,3,5,6,7,8,20,21,22,23,24,25,45,50,51,52,53,54,55,56,57		Items/Armor/Armor_spec_1	2000	0	1		-1	100	0	0	Barbarian armor
I	items/armor/armor_spec_2	SO_ItemBody	Освященный доспех	0	73	67,68,69,70,71,73,74,76,77,0,1,2,3,5,6,7,8,20,21,22,23,24,25,45,50,51,52,53,54,55,56,57		Items/Armor/Armor_spec_2	2500	0	1		-1	100	0	0	Sanctified armor
I	items/armor/armor_spec_3	SO_ItemBody	Скованный доспех	0		67,68,69,70,71,73,74,76,77,0,1,2,3,5,6,7,8,20,21,22,23,24,25,45,50,51,52,53,54,55,56,57		Items/Armor/Armor_spec_3	2600	0	1		-1	135	0	0	Bound armor
I	items/armor/armor_spec_4	SO_ItemBody	Шипастый доспех	0	76	67,68,69,70,71,73,74,76,77,0,1,2,3,5,6,7,8,20,21,22,23,24,25,45,50,51,52,53,54,55,56,57		Items/Armor/Armor_spec_4	2800	0	1		-1	140	0	0	Spiked armor
I	items/armor/armor_spec_5	SO_ItemBody	Егерский доспех	0	80	67,68,69,70,71,73,74,76,77,0,1,2,3,5,6,7,8,20,21,22,23,24,25,45,50,51,52,53,54,55,56,57		Items/Armor/Armor_spec_5	3000	0	1		-1	115	0	0	Ranger armor
I	items/armor/armor_spec_6	SO_ItemBody	Драконий доспех	0	50	67,68,69,70,71,73,74,76,77,0,1,2,3,5,6,7,8,20,21,22,23,24,25,45,50,51,52,53,54,55,56,57		Items/Armor/Armor_spec_6	3200	0	1		-1	160	0	0	Dragon armor
I	items/armor/armor_spec_7	SO_ItemBody	Костяная кираса	0	84	67,68,69,70,71,73,74,76,77,0,1,2,3,5,6,7,8,20,21,22,23,24,25,45,50,51,52,53,54,55,56,57		Items/Armor/Armor_spec_7	3000	0	1		-1	130	0	0	Bone cuirass
I	items/armor/armort1_1	SO_ItemBody	Походный плащ	0		67,68,69,70,71,73,74,76,77,0,1,2,3,5,6,7,8,20,21,22,23,24,25,45,50,51,52,53,54,55,56,57		Items/Armor/ArmorT1_1	800	0	1		-1	60	0	0	Travel cloak
I	items/armor/armort1_2	SO_ItemBody	Дикарский пояс	0	7	67,68,69,70,71,73,74,76,77,0,1,2,3,5,6,7,8,20,21,22,23,24,25,45,50,51,52,53,54,55,56,57		Items/Armor/ArmorT1_2	950	0	1		-1	70	0	0	Savage belt
I	items/armor/armort1_3	SO_ItemBody	Меховой кафтан	0		67,68,69,70,71,73,74,76,77,0,1,2,3,5,6,7,8,20,21,22,23,24,25,45,50,51,52,53,54,55,56,57		Items/Armor/ArmorT1_3	1400	0	1		-1	50	0	0	Fur kaftan
I	items/armor/armort1_4	SO_ItemBody	Монашья роба	0	38	67,68,69,70,71,73,74,76,77,0,1,2,3,5,6,7,8,20,21,22,23,24,25,45,50,51,52,53,54,55,56,57		Items/Armor/ArmorT1_4	1600	0	1		-1	70	0	0	Monk's robe
I	items/armor/armort1_5	SO_ItemBody	Знатная накидка	0	18	67,68,69,70,71,73,74,76,77,0,1,2,3,5,6,7,8,20,21,22,23,24,25,45,50,51,52,53,54,55,56,57		Items/Armor/ArmorT1_5	1800	0	1		-1	85	0	0	Noble mantle
I	items/armor/armort1_6	SO_ItemBody	Чародейская роба	0	39	67,68,69,70,71,73,74,76,77,0,1,2,3,5,6,7,8,20,21,22,23,24,25,45,50,51,52,53,54,55,56,57		Items/Armor/ArmorT1_6	2300	0	1		-1	110	0	0	Sorcerer's robe
I	items/armor/tier2/armort2_11	SO_ItemBody	Железный доспех	0		67,68,69,70,71,73,74,76,77,0,1,2,3,5,6,7,8,20,21,22,23,24,25,45,50,51,52,53,54,55,56,57		Items/Armor/Armor9Iron	1300	0	1		-1	110	0	0	Iron armor
I	items/armor/tier2/armort2_12	SO_ItemBody	Железный доспех	0		67,68,69,70,71,73,74,76,77,0,1,2,3,5,6,7,8,20,21,22,23,24,25,45,50,51,52,53,54,55,56,57		Items/Armor/Armor9Iron	1300	0	1		-1	110	0	0	Iron armor
I	items/armor/tier2/armort2_13	SO_ItemBody	Железный доспех	0		67,68,69,70,71,73,74,76,77,0,1,2,3,5,6,7,8,20,21,22,23,24,25,45,50,51,52,53,54,55,56,57		Items/Armor/Armor9Iron	1300	0	1		-1	110	0	0	Iron armor
I	items/armor/tier2/armort2_14	SO_ItemBody	Железный доспех	0		67,68,69,70,71,73,74,76,77,0,1,2,3,5,6,7,8,20,21,22,23,24,25,45,50,51,52,53,54,55,56,57		Items/Armor/Armor9Iron	1300	0	1		-1	110	0	0	Iron armor
I	items/armor/tier2/armort2_6	SO_ItemBody	Железный доспех	0		67,68,69,70,71,73,74,76,77,0,1,2,3,5,6,7,8,20,21,22,23,24,25,45,50,51,52,53,54,55,56,57		Items/Armor/Armor9Iron	1300	0	1		-1	110	0	0	Iron armor
I	items/armor/tier2/armort2_7	SO_ItemBody	Железный доспех	0		67,68,69,70,71,73,74,76,77,0,1,2,3,5,6,7,8,20,21,22,23,24,25,45,50,51,52,53,54,55,56,57		Items/Armor/Armor9Iron	1300	0	1		-1	110	0	0	Iron armor
I	items/armor/tier2/armort2_8	SO_ItemBody	Железный доспех	0		67,68,69,70,71,73,74,76,77,0,1,2,3,5,6,7,8,20,21,22,23,24,25,45,50,51,52,53,54,55,56,57		Items/Armor/Armor9Iron	1300	0	1		-1	110	0	0	Iron armor
I	items/armor/tier2/armort2_9	SO_ItemBody	Железный доспех	0		67,68,69,70,71,73,74,76,77,0,1,2,3,5,6,7,8,20,21,22,23,24,25,45,50,51,52,53,54,55,56,57		Items/Armor/Armor9Iron	1300	0	1		-1	110	0	0	Iron armor
I	items/armor/tier3/armort3_1	SO_ItemBody	Железный доспех	0		67,68,69,70,71,73,74,76,77,0,1,2,3,5,6,7,8,20,21,22,23,24,25,45,50,51,52,53,54,55,56,57		Items/Armor/Armor9Iron	1300	0	1		-1	110	0	0	Iron armor
I	items/armor/tier3/armort3_2	SO_ItemBody	Железный доспех	0		67,68,69,70,71,73,74,76,77,0,1,2,3,5,6,7,8,20,21,22,23,24,25,45,50,51,52,53,54,55,56,57		Items/Armor/Armor9Iron	1300	0	1		-1	110	0	0	Iron armor
I	items/armor/tier3/armort3_4	SO_ItemBody	Железный доспех	0		67,68,69,70,71,73,74,76,77,0,1,2,3,5,6,7,8,20,21,22,23,24,25,45,50,51,52,53,54,55,56,57		Items/Armor/Armor9Iron	1300	0	1		-1	110	0	0	Iron armor
I	items/armor/tier3/armort3_5	SO_ItemBody	Железный доспех	0		67,68,69,70,71,73,74,76,77,0,1,2,3,5,6,7,8,20,21,22,23,24,25,45,50,51,52,53,54,55,56,57		Items/Armor/Armor9Iron	1300	0	1		-1	110	0	0	Iron armor
I	items/armor/tier3/armort3_6	SO_ItemBody	Железный доспех	0		67,68,69,70,71,73,74,76,77,0,1,2,3,5,6,7,8,20,21,22,23,24,25,45,50,51,52,53,54,55,56,57		Items/Armor/Armor9Iron	1300	0	1		-1	110	0	0	Iron armor
I	items/armor/tier3/armort3_7	SO_ItemBody	Железный доспех	0		67,68,69,70,71,73,74,76,77,0,1,2,3,5,6,7,8,20,21,22,23,24,25,45,50,51,52,53,54,55,56,57		Items/Armor/Armor9Iron	1300	0	1		-1	110	0	0	Iron armor
I	items/armor/tier3/armort3_8	SO_ItemBody	Железный доспех	0		67,68,69,70,71,73,74,76,77,0,1,2,3,5,6,7,8,20,21,22,23,24,25,45,50,51,52,53,54,55,56,57		Items/Armor/Armor9Iron	1300	0	1		-1	110	0	0	Iron armor
I	items/armor/unique/armor9_armorscaled	SO_ItemBody	Чешуйчатый доспех	0	72	67,68,69,70,71,73,74,76,77,0,1,2,3,5,6,7,8,45,50,51,52,53,54,55,56,57,20,21,22,23,24,25		Items/Armor/Unique/Armor9_ArmorScaled	1700	1	1		-1	95	0	0	Scale armor
I	items/armor/unique/armor_clockshadowlongdash	SO_ItemBody	Теневая накидка	0	85	67,68,69,70,71,73,74,76,77,0,1,2,3,5,6,7,8,45,50,51,52,53,54,55,56,57,20,21,22,23,24,25		Items/Armor/Unique/Armor_ClockShadowLongDash	1300	1	1		-1	44	0	0	Shadow cloak
I	items/helmets/head0hallghost	SO_ItemHead	Маска призрака	0	88	67,68,69,70,71,73,74,76,77		Items/Helmets/Head0HallGhost	1000	1	1		-1	65	0	0	Ghost mask
I	items/helmets/head0hallpumpkin	SO_ItemHead	Тыква-светильник	0	75	67,68,69,70,71,73,74,76,77		Items/Helmets/Head0HallPumpkin	1000	1	1		-1	30	0	0	Jack-o'-lantern
I	items/helmets/head0santa	SO_ItemHead	Праздничная шапка	0		67,68,69,70,71,73,74,76,77		Items/Helmets/Head0Santa	1000	1	1		-1	75	0	0	Festive hat
I	items/helmets/head1.1frontlet	SO_ItemHead	Налобная повязка	0		67,68,69,70,71,73,74,76,77,0,1,2,3,5,6,7,8,20,21,22,23,24,25,45,50,51,52,53,54,55,56,57		Items/Helmets/Head1.1frontlet	160	0	1		-1	15	0	0	Frontlet
I	items/helmets/head1.2balaclava	SO_ItemHead	Подшлемник	0		67,68,69,70,71,73,74,76,77,0,1,2,3,5,6,7,8,20,21,22,23,24,25,45,50,51,52,53,54,55,56,57		Items/Helmets/Head1.2balaclava	200	0	1		-1	30	0	0	Helmet liner
I	items/helmets/head1.3hatwithfeather	SO_ItemHead	Шляпа с пером	0		67,68,69,70,71,73,74,76,77,0,1,2,3,5,6,7,8,20,21,22,23,24,25,45,50,51,52,53,54,55,56,57		Items/Helmets/Head1.3hatWithFeather	265	0	1		-1	20	0	0	Hat with feather
I	items/helmets/head1.4woodmask	SO_ItemHead	Деревянная маска	0		67,68,69,70,71,73,74,76,77,0,1,2,3,5,6,7,8,20,21,22,23,24,25,45,50,51,52,53,54,55,56,57		Items/Helmets/Head1.4woodMask	240	0	1		-1	24	0	0	Wooden mask
I	items/helmets/head1.5eyepatch	SO_ItemHead	Глазная повязка	0		67,68,69,70,71,73,74,76,77,0,1,2,3,5,6,7,8,20,21,22,23,24,25,45,50,51,52,53,54,55,56,57		Items/Helmets/Head1.5eyePatch	360	0	1		-1	30	0	0	Eyepatch
I	items/helmets/head1wood	SO_ItemHead	Легкий шлем	0		67,68,69,70,71,73,74,76,77,0,1,2,3,5,6,7,8,20,21,22,23,24,25,45,50,51,52,53,54,55,56,57		Items/Helmets/Head1Wood	420	0	1		-1	42	0	0	Leather helmet
I	items/helmets/head2.1hood	SO_ItemHead	Старый капюшон	0		67,68,69,70,71,73,74,76,77,0,1,2,3,5,6,7,8,20,21,22,23,24,25,45,50,51,52,53,54,55,56,57		Items/Helmets/Head2.1hood	380	0	1		-1	28	0	0	Old hood
I	items/helmets/head2.2rusthelmet	SO_ItemHead	Ржавый шлем	0		67,68,69,70,71,73,74,76,77,0,1,2,3,5,6,7,8,20,21,22,23,24,25,45,50,51,52,53,54,55,56,57		Items/Helmets/Head2.2rustHelmet	380	0	1		-1	46	0	0	Rusty helmet
I	items/helmets/head2.3thiefmask	SO_ItemHead	Полумаска	0		67,68,69,70,71,73,74,76,77,0,1,2,3,5,6,7,8,20,21,22,23,24,25,45,50,51,52,53,54,55,56,57		Items/Helmets/Head2.3thiefMask	400	0	1		-1	26	0	0	Half mask
I	items/helmets/head2.4cervelier	SO_ItemHead	Чужеземный шлем	0		67,68,69,70,71,73,74,76,77,0,1,2,3,5,6,7,8,20,21,22,23,24,25,45,50,51,52,53,54,55,56,57		Items/Helmets/Head2.4cervelier	550	0	1		-1	55	0	0	Foreign helmet
I	items/helmets/head2.5magold	SO_ItemHead	Старая шляпа	0		67,68,69,70,71,73,74,76,77,0,1,2,3,5,6,7,8,20,21,22,23,24,25,45,50,51,52,53,54,55,56,57		Items/Helmets/Head2.5MagOld	280	0	1		-1	22	0	0	Old hat
I	items/helmets/head2.6hornedhelmet	SO_ItemHead	Рогатый шлем	0		67,68,69,70,71,73,74,76,77,0,1,2,3,5,6,7,8,20,21,22,23,24,25,45,50,51,52,53,54,55,56,57		Items/Helmets/Head2.6hornedHelmet	600	0	1		-1	62	0	0	Horned helmet
I	items/helmets/head2.7ironmask	SO_ItemHead	Железная маска	0	14	67,68,69,70,71,73,74,76,77,0,1,2,3,5,6,7,8,20,21,22,23,24,25,45,50,51,52,53,54,55,56,57		Items/Helmets/Head2.7ironMask	970	0	1		-1	86	0	0	Iron mask
I	items/helmets/head2.8bronzehelm	SO_ItemHead	Бронзовый шлем	0	24	67,68,69,70,71,73,74,76,77,0,1,2,3,5,6,7,8,20,21,22,23,24,25,45,50,51,52,53,54,55,56,57		Items/Helmets/Head2.8bronzeHelm	900	0	1		-1	40	0	0	Bronze helmet
I	items/helmets/head2magnormal	SO_ItemHead	Остроконечная шляпа	0		67,68,69,70,71,73,74,76,77,0,1,2,3,5,6,7,8,20,21,22,23,24,25,45,50,51,52,53,54,55,56,57		Items/Helmets/Head2MagNormal	700	0	1		-1	28	0	0	Pointed hat
I	items/helmets/head3.1glasses	SO_ItemHead	Ученические очки	0	15	67,68,69,70,71,73,74,76,77,0,1,2,3,5,6,7,8,20,21,22,23,24,25,45,50,51,52,53,54,55,56,57		Items/Helmets/Head3.1glasses	600	0	1		-1	46	0	0	Student glasses
I	items/helmets/head3.5turban	SO_ItemHead	Тюрбан	0	4	67,68,69,70,71,73,74,76,77,0,1,2,3,5,6,7,8,20,21,22,23,24,25,45,50,51,52,53,54,55,56,57		Items/Helmets/Head3.5Turban	1000	0	1		-1	50	0	0	Turban
I	items/helmets/head3iron	SO_ItemHead	Закаленный шлем	0		67,68,69,70,71,73,74,76,77,0,1,2,3,5,6,7,8,20,21,22,23,24,25,45,50,51,52,53,54,55,56,57		Items/Helmets/Head3Iron	740	0	1		-1	65	0	0	Hardened helmet
I	items/helmets/head4.2bonemask	SO_ItemHead	Шлем-череп	0	16	67,68,69,70,71,73,74,76,77,0,1,2,3,5,6,7,8,20,21,22,23,24,25,45,50,51,52,53,54,55,56,57		Items/Helmets/Head4.2BoneMask	1100	0	1		-1	80	0	0	Skull helmet
I	items/helmets/head4.5plaguemask	SO_ItemHead	Птичья маска	0	12	67,68,69,70,71,73,74,76,77,0,1,2,3,5,6,7,8,20,21,22,23,24,25,45,50,51,52,53,54,55,56,57		Items/Helmets/Head4.5plagueMask	950	0	1		-1	60	0	0	Bird mask
I	items/helmets/head4magrare	SO_ItemHead	Шляпа мага	0	3	67,68,69,70,71,73,74,76,77,0,1,2,3,5,6,7,8,20,21,22,23,24,25,45,50,51,52,53,54,55,56,57		Items/Helmets/Head4MagRare	1400	0	1		-1	35	0	0	Magician hat
I	items/helmets/head5.1bershelmet	SO_ItemHead	Ревущая маска	0		67,68,69,70,71,73,74,76,77,0,1,2,3,5,6,7,8,20,21,22,23,24,25,45,50,51,52,53,54,55,56,57		Items/Helmets/Head5.1bersHelmet	2000	0	1		-1	65	0	0	Roaring mask
I	items/helmets/head5.5knighthelmet	SO_ItemHead	Рыцарский шлем	0		67,68,69,70,71,73,74,76,77,0,1,2,3,5,6,7,8,20,21,22,23,24,25,45,50,51,52,53,54,55,56,57		Items/Helmets/Head5.5knightHelmet	870	0	1		-1	84	0	0	Knight's helmet
I	items/helmets/head5steel	SO_ItemHead	Солдатский шлем	0		67,68,69,70,71,73,74,76,77,0,1,2,3,5,6,7,8,20,21,22,23,24,25,45,50,51,52,53,54,55,56,57		Items/Helmets/Head5Steel	850	0	1		-1	90	0	0	Soldier helmet
I	items/helmets/head6tophelm	SO_ItemHead	Топфхельм	0		67,68,69,70,71,73,74,76,77,0,1,2,3,5,6,7,8,20,21,22,23,24,25,45,50,51,52,53,54,55,56,57		Items/Helmets/Head6Tophelm	1300	0	1		-1	90	0	0	Topfhelm
I	items/helmets/head_spec_1	SO_ItemHead	Кольчужный капюшон	0	46	67,68,69,70,71,73,74,76,77,0,1,2,3,5,6,7,8,20,21,22,23,24,25,45,50,51,52,53,54,55,56,57		Items/Helmets/Head_spec_1	800	0	1		-1	60	0	0	Chainmail hood
I	items/helmets/head_spec_2	SO_ItemHead	Варварский шлем	0	51	67,68,69,70,71,73,74,76,77,0,1,2,3,5,6,7,8,20,21,22,23,24,25,45,50,51,52,53,54,55,56,57		Items/Helmets/Head_spec_2	1350	0	1		-1	30	0	0	Barbarian helm
I	items/helmets/head_spec_3	SO_ItemHead	Обугленный шлем	0	50	67,68,69,70,71,73,74,76,77,0,1,2,3,5,6,7,8,20,21,22,23,24,25,45,50,51,52,53,54,55,56,57		Items/Helmets/Head_spec_3	1200	0	1		-1	84	0	0	Charred helm
I	items/helmets/head_spec_4	SO_ItemHead	Шлем-клетка	0	47	67,68,69,70,71,73,74,76,77,0,1,2,3,5,6,7,8,20,21,22,23,24,25,45,50,51,52,53,54,55,56,57		Items/Helmets/Head_spec_4	1600	0	1		-1	55	0	0	Cage helm
I	items/helmets/head_spec_5	SO_ItemHead	Шлем покаяния	0	49	67,68,69,70,71,73,74,76,77,0,1,2,3,5,6,7,8,20,21,22,23,24,25,45,50,51,52,53,54,55,56,57		Items/Helmets/Head_spec_5	2200	0	1		-1	100	0	0	Helm of Penance
I	items/helmets/head_spec_6	SO_ItemHead	Корона тирана	0	48	67,68,69,70,71,73,74,76,77,0,1,2,3,5,6,7,8,20,21,22,23,24,25,45,50,51,52,53,54,55,56,57		Items/Helmets/Head_spec_6	2500	0	1		-1	130	0	0	Tyrant's Crown
I	items/helmets/head_spec_7	SO_ItemHead	Благородный шлем	0	71	67,68,69,70,71,73,74,76,77,0,1,2,3,5,6,7,8,20,21,22,23,24,25,45,50,51,52,53,54,55,56,57		Items/Helmets/Head_spec_7	1800	0	1		-1	125	0	0	Noble Helm
I	items/helmets/secret/head_crownthorns	SO_ItemHead	Колючий венец	0	86	67,68,69,70,71,73,74,76,77,0,1,2,3,5,6,7,8,45,50,51,52,53,54,55,56,57,20,21,22,23,24,25		Items/Helmets/Secret/Head_CrownThorns	2300	1	1		-1	90	0	0	Spines crown
I	items/helmets/secret/head_silentface	SO_ItemHead	Безмолвный лик	0	89	67,68,69,70,71,73,74,76,77,0,1,2,3,5,6,7,8,45,50,51,52,53,54,55,56,57,20,21,22,23,24,25		Items/Helmets/Secret/Head_SilentFace	2400	1	1		-1	85	0	0	Silent visage
I	items/helmets/tier2/headt2_10	SO_ItemHead	Солдатский шлем	0		67,68,69,70,71,73,74,76,77,0,1,2,3,5,6,7,8,20,21,22,23,24,25,45,50,51,52,53,54,55,56,57		Items/Helmets/Head5Steel	850	0	1		-1	90	0	0	Soldier helmet
I	items/helmets/tier2/headt2_11	SO_ItemHead	Солдатский шлем	0		67,68,69,70,71,73,74,76,77,0,1,2,3,5,6,7,8,20,21,22,23,24,25,45,50,51,52,53,54,55,56,57		Items/Helmets/Head5Steel	850	0	1		-1	90	0	0	Soldier helmet
I	items/helmets/tier2/headt2_12	SO_ItemHead	Солдатский шлем	0		67,68,69,70,71,73,74,76,77,0,1,2,3,5,6,7,8,20,21,22,23,24,25,45,50,51,52,53,54,55,56,57		Items/Helmets/Head5Steel	850	0	1		-1	90	0	0	Soldier helmet
I	items/helmets/tier2/headt2_13	SO_ItemHead	Солдатский шлем	0		67,68,69,70,71,73,74,76,77,0,1,2,3,5,6,7,8,20,21,22,23,24,25,45,50,51,52,53,54,55,56,57		Items/Helmets/Head5Steel	850	0	1		-1	90	0	0	Soldier helmet
I	items/helmets/tier2/headt2_15	SO_ItemHead	Солдатский шлем	0		67,68,69,70,71,73,74,76,77,0,1,2,3,5,6,7,8,20,21,22,23,24,25,45,50,51,52,53,54,55,56,57		Items/Helmets/Head5Steel	850	0	1		-1	90	0	0	Soldier helmet
I	items/helmets/tier2/headt2_16	SO_ItemHead	Солдатский шлем	0		67,68,69,70,71,73,74,76,77,0,1,2,3,5,6,7,8,20,21,22,23,24,25,45,50,51,52,53,54,55,56,57		Items/Helmets/Head5Steel	850	0	1		-1	90	0	0	Soldier helmet
I	items/helmets/tier2/headt2_2	SO_ItemHead	Солдатский шлем	0		67,68,69,70,71,73,74,76,77,0,1,2,3,5,6,7,8,20,21,22,23,24,25,45,50,51,52,53,54,55,56,57		Items/Helmets/Head5Steel	850	0	1		-1	90	0	0	Soldier helmet
I	items/helmets/tier2/headt2_3	SO_ItemHead	Солдатский шлем	0		67,68,69,70,71,73,74,76,77,0,1,2,3,5,6,7,8,20,21,22,23,24,25,45,50,51,52,53,54,55,56,57		Items/Helmets/Head5Steel	850	0	1		-1	90	0	0	Soldier helmet
I	items/helmets/tier2/headt2_4	SO_ItemHead	Солдатский шлем	0		67,68,69,70,71,73,74,76,77,0,1,2,3,5,6,7,8,20,21,22,23,24,25,45,50,51,52,53,54,55,56,57		Items/Helmets/Head5Steel	850	0	1		-1	90	0	0	Soldier helmet
I	items/helmets/tier2/headt2_5	SO_ItemHead	Солдатский шлем	0		67,68,69,70,71,73,74,76,77,0,1,2,3,5,6,7,8,20,21,22,23,24,25,45,50,51,52,53,54,55,56,57		Items/Helmets/Head5Steel	850	0	1		-1	90	0	0	Soldier helmet
I	items/helmets/tier2/headt2_6	SO_ItemHead	Солдатский шлем	0		67,68,69,70,71,73,74,76,77,0,1,2,3,5,6,7,8,20,21,22,23,24,25,45,50,51,52,53,54,55,56,57		Items/Helmets/Head5Steel	850	0	1		-1	90	0	0	Soldier helmet
I	items/helmets/tier2/headt2_7	SO_ItemHead	Солдатский шлем	0		67,68,69,70,71,73,74,76,77,0,1,2,3,5,6,7,8,20,21,22,23,24,25,45,50,51,52,53,54,55,56,57		Items/Helmets/Head5Steel	850	0	1		-1	90	0	0	Soldier helmet
I	items/helmets/tier2/headt2_8	SO_ItemHead	Солдатский шлем	0	1	67,68,69,70,71,73,74,76,77,0,1,2,3,5,6,7,8,20,21,22,23,24,25,45,50,51,52,53,54,55,56,57		Items/Helmets/Head5Steel	850	0	1		-1	90	0	0	Soldier helmet
I	items/helmets/tier2/headt2_9	SO_ItemHead	Солдатский шлем	0		67,68,69,70,71,73,74,76,77,0,1,2,3,5,6,7,8,20,21,22,23,24,25,45,50,51,52,53,54,55,56,57		Items/Helmets/Head5Steel	850	0	1		-1	90	0	0	Soldier helmet
I	items/helmets/tier3/headt3_1	SO_ItemHead	Солдатский шлем	0		67,68,69,70,71,73,74,76,77,0,1,2,3,5,6,7,8,20,21,22,23,24,25,45,50,51,52,53,54,55,56,57		Items/Helmets/Head5Steel	850	0	1		-1	90	0	0	Soldier helmet
I	items/helmets/tier3/headt3_2	SO_ItemHead	Солдатский шлем	0		67,68,69,70,71,73,74,76,77,0,1,2,3,5,6,7,8,20,21,22,23,24,25,45,50,51,52,53,54,55,56,57		Items/Helmets/Head5Steel	850	0	1		-1	90	0	0	Soldier helmet
I	items/helmets/tier3/headt3_3	SO_ItemHead	Солдатский шлем	0		67,68,69,70,71,73,74,76,77,0,1,2,3,5,6,7,8,20,21,22,23,24,25,45,50,51,52,53,54,55,56,57		Items/Helmets/Head5Steel	850	0	1		-1	90	0	0	Soldier helmet
I	items/helmets/tier3/headt3_4	SO_ItemHead	Солдатский шлем	0		67,68,69,70,71,73,74,76,77,0,1,2,3,5,6,7,8,20,21,22,23,24,25,45,50,51,52,53,54,55,56,57		Items/Helmets/Head5Steel	850	0	1		-1	90	0	0	Soldier helmet
I	items/helmets/tier3/headt3_5	SO_ItemHead	Солдатский шлем	0		67,68,69,70,71,73,74,76,77,0,1,2,3,5,6,7,8,20,21,22,23,24,25,45,50,51,52,53,54,55,56,57		Items/Helmets/Head5Steel	850	0	1		-1	90	0	0	Soldier helmet
I	items/helmets/tier3/headt3_6	SO_ItemHead	Солдатский шлем	0		67,68,69,70,71,73,74,76,77,0,1,2,3,5,6,7,8,20,21,22,23,24,25,45,50,51,52,53,54,55,56,57		Items/Helmets/Head5Steel	850	0	1		-1	90	0	0	Soldier helmet
I	items/helmets/tier3/headt3_7	SO_ItemHead	Солдатский шлем	0		67,68,69,70,71,73,74,76,77,0,1,2,3,5,6,7,8,20,21,22,23,24,25,45,50,51,52,53,54,55,56,57		Items/Helmets/Head5Steel	850	0	1		-1	90	0	0	Soldier helmet
I	items/helmets/unique/head_archerhood	SO_ItemHead	Егерская шляпа	0	80	67,68,69,70,71,73,74,76,77,0,1,2,3,5,6,7,8,20,21,22,23,24,25,45,50,51,52,53,54,55,56,57		Items/Helmets/Unique/Head_ArcherHood	650	1	1		-1	45	0	0	Jaeger hat
I	items/helmets/unique/head_berserkhat	SO_ItemHead	Звериный покров	0	79	67,68,69,70,71,73,74,76,77,0,1,2,3,5,6,7,8,20,21,22,23,24,25,45,50,51,52,53,54,55,56,57		Items/Helmets/Unique/Head_BerserkHat	1000	1	1		-1	55	0	0	Beast veil
I	items/helmets/unique/head_blackhood	SO_ItemHead	Темный капюшон	0	81	67,68,69,70,71,73,74,76,77,0,1,2,3,5,6,7,8,20,21,22,23,24,25,45,50,51,52,53,54,55,56,57		Items/Helmets/Unique/Head_BlackHood	700	1	1		-1	52	0	0	Dark hood
I	items/helmets/unique/head_buckethat	SO_ItemHead	Боевое ведро	0	77	67,68,69,70,71,73,74,76,77,0,1,2,3,5,6,7,8,20,21,22,23,24,25,45,50,51,52,53,54,55,56,57		Items/Helmets/Unique/Head_BucketHat	450	1	1		-1	80	0	0	Combat bucket
I	items/helmets/unique/head_eliteknight	SO_ItemHead	Элитный шлем	0	83	67,68,69,70,71,73,74,76,77,0,1,2,3,5,6,7,8,20,21,22,23,24,25,45,50,51,52,53,54,55,56,57		Items/Helmets/Unique/Head_EliteKnight	1000	1	1		-1	80	0	0	Elite helmet
I	items/helmets/unique/head_necromask	SO_ItemHead	Клыкастая маска	0	84	67,68,69,70,71,73,74,76,77,0,1,2,3,5,6,7,8,20,21,22,23,24,25,45,50,51,52,53,54,55,56,57		Items/Helmets/Unique/Head_NecroMask	1450	1	1		-1	50	0	0	Fanged mask
I	items/helmets/unique/head_nightmarehat	SO_ItemHead	Потусторонний наблюдатель	0		67,68,69,70,71,73,74,76,77,0,1,2,3,5,6,7,8,20,21,22,23,24,25,45,50,51,52,53,54,55,56,57		Items/Helmets/Unique/Head_NightmareHat	1000	1	1		-1	60	0	0	Otherworldly observer
I	items/helmets/unique/head_ritualghostdef	SO_ItemHead	Ритуальный венец	0	87	67,68,69,70,71,73,74,76,77,0,1,2,3,5,6,7,8,20,21,22,23,24,25,45,50,51,52,53,54,55,56,57		Items/Helmets/Unique/Head_RitualGhostDef	1600	1	1		-1	37	0	0	Ritual crown
I	items/helmets/unique/head_wizardhat	SO_ItemHead	Отшельничья шляпа	0	82	67,68,69,70,71,73,74,76,77,0,1,2,3,5,6,7,8,20,21,22,23,24,25,45,50,51,52,53,54,55,56,57		Items/Helmets/Unique/Head_WizardHat	950	1	1		-1	70	0	0	Hermit hat
I	items/passives/passchest	SO_ItemUsable	Бездонная сумка	0				Items/Passives/PassChest	50	1	0		-1	0	0	0	Bottomless bag
I	items/passives/passcross	SO_ItemUsable	Крест Жизни	0				Items/Passives/PassCross	150	1	0		-1	0	0	0	Cross of Life
I	items/passives/passgold	SO_ItemUsable	Счастливая монетка	0				Items/Passives/PassGold	50	1	0		-1	0	0	0	Lucky coin
I	items/passives/passgoldgetme	SO_ItemUsable	Камень Глубин	0				Items/Passives/PassGoldGetMe	100	1	0		-1	0	0	0	Stone of the Depths
I	items/passives/passluckycat	SO_ItemUsable	Талисман Кошки	0				Items/Passives/PassLuckyCat	100	1	0		-1	0	0	0	Cat's Talisman
I	items/passives/passxp	SO_ItemUsable	Накопитель душ	0				Items/Passives/PassXP	50	1	0		-1	0	0	0	Soul vessel
I	items/passives/passxp_great	SO_ItemUsable	Пожиратель душ	0				Items/Passives/PassXP_Great	100	1	0		-1	0	0	0	Soul eater
I	items/rings/ring - bone	SO_ItemRing	Костяное кольцо	0	144	178,151,152,153,154,155,156,157,158,159,160,161,162,163,164,165,166,167,168,170,171,169,172,173,174,175,176,177,179,180,143		Items/Rings/Ring - Bone	0	0	1		-1	0	0	0	Bone ring
I	items/rings/ring - gold	SO_ItemRing	Золотой перстень	0	145	178,151,152,153,154,155,156,157,158,159,160,161,162,163,164,165,166,167,168,170,171,169,172,173,174,175,176,177,179,180,143		Items/Rings/Ring - Gold	0	0	1		-1	0	0	0	Gold ring
I	items/rings/ring - hollow	SO_ItemRing	Полое кольцо	0		178,151,152,153,154,155,156,157,158,159,160,161,162,163,164,165,166,167,168,170,171,169,172,173,174,175,176,177,179,180,143		Items/Rings/Ring - Hollow	0	0	1		-1	0	0	0	Hollow ring
I	items/rings/ring - rainbow	SO_ItemRing	Радужное кольцо	0	146	178,151,152,153,154,155,156,157,158,159,160,161,162,163,164,165,166,167,168,170,171,169,172,173,174,175,176,177,179,180,143		Items/Rings/Ring - Rainbow	0	0	1		-1	0	0	0	Rainbow ring
I	items/rings/ring - shine	SO_ItemRing	Сияющее кольцо	0	147	178,151,152,153,154,155,156,157,158,159,160,161,162,163,164,165,166,167,168,170,171,169,172,173,174,175,176,177,179,180,143		Items/Rings/Ring - Shine	0	0	1		-1	0	0	0	Shining ring
I	items/rings/ring - smoke	SO_ItemRing	Дымное кольцо	0	148	178,151,152,153,154,155,156,157,158,159,160,161,162,163,164,165,166,167,168,170,171,169,172,173,174,175,176,177,179,180,143		Items/Rings/Ring - Smoke	0	0	1		-1	0	0	0	Smoke ring
I	items/rings/ring - snake	SO_ItemRing	Змеиный перстень	0	149	178,151,152,153,154,155,156,157,158,159,160,161,162,163,164,165,166,167,168,170,171,169,172,173,174,175,176,177,179,180,143		Items/Rings/Ring - Snake	0	0	1		-1	0	0	0	Snake ring
I	items/rings/ring - steel	SO_ItemRing	Стальное кольцо	0	150	178,151,152,153,154,155,156,157,158,159,160,161,162,163,164,165,166,167,168,170,171,169,172,173,174,175,176,177,179,180,143		Items/Rings/Ring - Steel	0	0	1		-1	0	0	0	Steel ring
I	items/secondweapon/arrow1	SO_ItemShield	Стрелы	0		67,68,69,70,71,73,74,76,77,0,1,2,3,5,6,7,8,20,21,22,23,24,25,28,29,30,31,27,45,50,51,52,53,54,56,57		Items/SecondWeapon/Arrow1	250	0	1	1	-1	1	0.05	0	Arrows
I	items/secondweapon/arrow2	SO_ItemShield	Заточенные стрелы	0		67,68,69,70,71,73,74,76,77,0,1,2,3,5,6,7,8,20,21,22,23,24,25,28,29,30,31,27,45,50,51,52,53,54,56,57		Items/SecondWeapon/Arrow2	325	0	1	1	-1	2	0.05	0	Sharpened arrows
I	items/secondweapon/arrow3	SO_ItemShield	Тяжелые стрелы	0		67,68,69,70,71,73,74,76,77,0,1,2,3,5,6,7,8,20,21,22,23,24,25,28,29,30,31,27,45,50,51,52,53,54,56,57		Items/SecondWeapon/Arrow3	500	0	1	1	-1	4	0.05	0	Heavy arrows
I	items/secondweapon/arrow4	SO_ItemShield	Мощные стрелы	0		67,68,69,70,71,73,74,76,77,0,1,2,3,5,6,7,8,20,21,22,23,24,25,28,29,30,31,27,45,50,51,52,53,54,56,57		Items/SecondWeapon/Arrow4	800	0	1	1	-1	5	0.05	0	Powerful arrows
I	items/secondweapon/arrow5	SO_ItemShield	Смертоносные стрелы	0		67,68,69,70,71,73,74,76,77,0,1,2,3,5,6,7,8,20,21,22,23,24,25,28,29,30,31,27,45,50,51,52,53,54,56,57		Items/SecondWeapon/Arrow5	1200	0	1	1	-1	7	0.05	0	Deadly arrows
I	items/secondweapon/bolt1	SO_ItemShield	Арбалетный болт	0		67,68,69,70,71,73,74,76,77,0,1,2,3,5,6,7,8,20,21,22,23,24,25,28,29,30,31,27,45,50,51,52,53,54,56,57		Items/SecondWeapon/Bolt1	250	0	1	3	-1	1	0.05	0	Crossbow bolt
I	items/secondweapon/bolt2	SO_ItemShield	Обработанный болт	0		67,68,69,70,71,73,74,76,77,0,1,2,3,5,6,7,8,20,21,22,23,24,25,28,29,30,31,27,45,50,51,52,53,54,56,57		Items/SecondWeapon/Bolt2	350	0	1	3	-1	2	0.05	0	Processed bolt
I	items/secondweapon/bolt3	SO_ItemShield	Зазубренный болт	0		67,68,69,70,71,73,74,76,77,0,1,2,3,5,6,7,8,20,21,22,23,24,25,28,29,30,31,27,45,50,51,52,53,54,56,57		Items/SecondWeapon/Bolt3	500	0	1	3	-1	3	0.05	0	Serrated bolt
I	items/secondweapon/bolt4	SO_ItemShield	Теневой болт	0		67,68,69,70,71,73,74,76,77,0,1,2,3,5,6,7,8,20,21,22,23,24,25,28,29,30,31,27,45,50,51,52,53,54,56,57		Items/SecondWeapon/Bolt4	750	0	1	3	-1	4	0.05	0	Shadow bolt
I	items/secondweapon/bolt5	SO_ItemShield	Зачарованный болт	0		67,68,69,70,71,73,74,76,77,0,1,2,3,5,6,7,8,20,21,22,23,24,25,28,29,30,31,27,45,50,51,52,53,54,56,57		Items/SecondWeapon/Bolt5	1000	0	1	3	-1	5	0.05	0	Enchanted bolt
I	items/secondweapon/book1	SO_ItemShield	Потертый конспект	0		67,68,69,70,71,73,74,76,77,0,1,2,3,5,6,7,8,20,21,22,23,24,25,34,35,36,37,38,41,42,40,43,44,32,33,45,50,51,52,53,54,56,57		Items/SecondWeapon/Book1	150	0	1	2,5	-1	0	0.05	0	Worn-out notes
I	items/secondweapon/book2	SO_ItemShield	Старинный учебник	0		67,68,69,70,71,73,74,76,77,0,1,2,3,5,6,7,8,20,21,22,23,24,25,34,35,36,37,38,41,42,40,43,44,32,33,45,50,51,52,53,54,56,57		Items/SecondWeapon/Book2	250	0	1	2,5	-1	0	0.1	0	Ancient textbook
I	items/secondweapon/book3	SO_ItemShield	Тайный трактат	0		67,68,69,70,71,73,74,76,77,0,1,2,3,5,6,7,8,20,21,22,23,24,25,34,35,36,37,38,41,42,40,43,44,32,33,45,50,51,52,53,54,56,57		Items/SecondWeapon/Book3	300	0	1	2,5	-1	5	0.1	0	Secret treatise
I	items/secondweapon/book4	SO_ItemShield	Магический фолиант	0		67,68,69,70,71,73,74,76,77,0,1,2,3,5,6,7,8,20,21,22,23,24,25,34,35,36,37,38,41,42,40,43,44,32,33,45,50,51,52,53,54,56,57		Items/SecondWeapon/Book4	400	0	1	2,5	-1	5	0.15	0	Magic tome
I	items/secondweapon/book5	SO_ItemShield	Колдовской кодекс	0		67,68,69,70,71,73,74,76,77,0,1,2,3,5,6,7,8,20,21,22,23,24,25,34,35,36,37,38,41,42,40,43,44,32,33,45,50,51,52,53,54,56,57		Items/SecondWeapon/Book5	800	0	1	2,5	-1	12	0.08	0	Witchcraft codex
I	items/secondweapon/book6	SO_ItemShield	Утерянный фолиант	0		67,68,69,70,71,73,74,76,77,0,1,2,3,5,6,7,8,20,21,22,23,24,25,34,35,36,37,38,41,42,40,43,44,32,33,45,50,51,52,53,54,56,57		Items/SecondWeapon/Book6	1100	0	1	2,5	-1	12	0.25	0	Lost Tome
I	items/secondweapon/book7	SO_ItemShield	Запретный Том	0		67,68,69,70,71,73,74,76,77,0,1,2,3,5,6,7,8,20,21,22,23,24,25,34,35,36,37,38,41,42,40,43,44,32,33,45,50,51,52,53,54,56,57		Items/SecondWeapon/Book7	1300	0	1	2,5	-1	25	0.12	0	Forbidden Tome
I	items/secondweapon/grimuar1	SO_ItemShield	Погребальный кодекс	0		67,68,69,70,71,73,74,76,77,0,1,2,3,5,6,7,8,20,21,22,23,24,25,34,41,32,33,45,50,51,52,53,54,56,57		Items/SecondWeapon/Grimuar1	220	0	1	5,5	-1	0	0	0	Funeral codex
I	items/secondweapon/grimuar2	SO_ItemShield	Зловещий гримуар	0		67,68,69,70,71,73,74,76,77,0,1,2,3,5,6,7,8,20,21,22,23,24,25,34,41,32,33,45,50,51,52,53,54,56,57		Items/SecondWeapon/Grimuar2	400	0	1	5,5	-1	0	0	0	Sinister grimoire
I	items/secondweapon/grimuar3	SO_ItemShield	Еретический гримуар	0		67,68,69,70,71,73,74,76,77,0,1,2,3,5,6,7,8,20,21,22,23,24,25,34,41,32,33,45,50,51,52,53,54,56,57		Items/SecondWeapon/Grimuar3	600	0	1	5,5	-1	0	0	0	Heretical grimoire
I	items/secondweapon/grimuar4	SO_ItemShield	Болотный гримуар	0		67,68,69,70,71,73,74,76,77,0,1,2,3,5,6,7,8,20,21,22,23,24,25,34,41,32,33,45,50,51,52,53,54,56,57		Items/SecondWeapon/Grimuar4	850	0	1	5,5	-1	0	0	0	Swamp grimoire
I	items/secondweapon/grimuar5	SO_ItemShield	Темное Писание	0		67,68,69,70,71,73,74,76,77,0,1,2,3,5,6,7,8,20,21,22,23,24,25,34,41,32,33,45,50,51,52,53,54,56,57		Items/SecondWeapon/Grimuar5	1400	0	1	5,5	-1	0	0	0	Dark Scripture
I	items/secondweapon/grimuar7	SO_ItemShield	Пандемониум	0		67,68,69,70,71,73,74,76,77,0,1,2,3,5,6,7,8,20,21,22,23,24,25,34,41,32,33,45,50,51,52,53,54,56,57		Items/SecondWeapon/Grimuar7	2000	0	1	5,5	-1	0	0	0	Pandemonium
I	items/secondweapon/secret/grimuar_screamingtome	SO_ItemShield	Вопящий фолиант	0		67,68,69,70,71,73,74,76,77,0,1,2,3,5,6,7,8,20,21,22,23,24,25,45,50,51,52,53,54,56,57		Items/SecondWeapon/Secret/Grimuar_ScreamingTome	2200	0	1	5,5	-1	0	0	0	Screaming tome
I	items/secondweapon/shield1wood	SO_ItemShield	Дощатый щит	0		67,68,69,70,71,73,74,76,77,0,1,2,3,5,6,7,8,9,10,20,21,22,23,24,25,45,50,51,52,53,54,55,56,57		Items/SecondWeapon/Shield1Wood	150	0	1	0	-1	10	0.15	0	Plank shield
I	items/secondweapon/shield2woodiron	SO_ItemShield	Деревянный щит	0		67,68,69,70,71,73,74,76,77,0,1,2,3,5,6,7,8,9,10,20,21,22,23,24,25,45,50,51,52,53,54,55,56,57		Items/SecondWeapon/Shield2WoodIron	250	0	1	0	-1	15	0.2	0	Wooden shield
I	items/secondweapon/shield3woodironrare	SO_ItemShield	Расписной щит	0		67,68,69,70,71,73,74,76,77,0,1,2,3,5,6,7,8,9,10,20,21,22,23,24,25,45,50,51,52,53,54,55,56,57		Items/SecondWeapon/Shield3WoodIronRare	350	0	1	0	-1	20	0.24	0	Painted shield
I	items/secondweapon/shield4woodstrong	SO_ItemShield	Окованный щит	0		67,68,69,70,71,73,74,76,77,0,1,2,3,5,6,7,8,9,10,20,21,22,23,24,25,45,50,51,52,53,54,55,56,57		Items/SecondWeapon/Shield4WoodStrong	500	0	1	0	-1	25	0.35	0	Reinforced shield
I	items/secondweapon/shield5iron	SO_ItemShield	Железный щит	0		67,68,69,70,71,73,74,76,77,0,1,2,3,5,6,7,8,9,10,20,21,22,23,24,25,45,50,51,52,53,54,55,56,57		Items/SecondWeapon/Shield5Iron	900	0	1	0	-1	35	0.3	0	Iron Shield
I	items/secondweapon/shield6ironstrong	SO_ItemShield	Баклер	0		67,68,69,70,71,73,74,76,77,0,1,2,3,5,6,7,8,9,10,20,21,22,23,24,25,45,50,51,52,53,54,55,56,57		Items/SecondWeapon/Shield6IronStrong	1100	0	1	0	-1	40	0.42	0	Buckler
I	items/secondweapon/shield7ironverystrong	SO_ItemShield	Тяжелый щит	0	9	67,68,69,70,71,73,74,76,77,0,1,2,3,5,6,7,8,9,10,20,21,22,23,24,25,45,50,51,52,53,54,55,56,57		Items/SecondWeapon/Shield7IronVeryStrong	1350	0	1	0	-1	45	0.5	0	Heavy shield
I	items/secondweapon/shield8ironmaxstrong	SO_ItemShield	Башенный щит	0	10	67,68,69,70,71,73,74,76,77,0,1,2,3,5,6,7,8,9,10,20,21,22,23,24,25,45,50,51,52,53,54,55,56,57		Items/SecondWeapon/Shield8IronMaxStrong	1600	0	1	0	-1	60	0.6	0	Tower Shield
I	items/secondweapon/tier2/shield_t2_1	SO_ItemShield	Облегченный щит	0	7	67,68,69,70,71,73,74,76,77,0,1,2,3,5,6,7,8,9,10,20,21,22,23,24,25,45,50,51,52,53,54,55,56,57		Items/SecondWeapon/Shield_9	1400	0	1	0	-1	37	0.4	0	Lightweight shield
I	items/secondweapon/tier2/shield_t2_2	SO_ItemShield	Дикарский щит	0	1	67,68,69,70,71,73,74,76,77,0,1,2,3,5,6,7,8,9,10,20,21,22,23,24,25,45,50,51,52,53,54,55,56,57		Items/SecondWeapon/Shield_10	1500	0	1	0	-1	30	0.35	0	Savage shield
I	items/secondweapon/tier2/shield_t2_3	SO_ItemShield	Золотой щит	0	18	67,68,69,70,71,73,74,76,77,0,1,2,3,5,6,7,8,9,10,20,21,22,23,24,25,45,50,51,52,53,54,55,56,57		Items/SecondWeapon/Shield_11	1800	0	1	0	-1	40	0.5	0	Golden shield
I	items/secondweapon/tier3/shield_t3_1	SO_ItemShield	Воинский щит	0	2	67,68,69,70,71,73,74,76,77,0,1,2,3,5,6,7,8,9,10,20,21,22,23,24,25,45,50,51,52,53,54,55,56,57		Items/SecondWeapon/Shield_12	2200	0	1	0	-1	65	0.6	0	Warrior shield
I	items/secondweapon/tier3/shield_t3_2	SO_ItemShield	Зачарованный щит	0	45	67,68,69,70,71,73,74,76,77,0,1,2,3,5,6,7,8,9,10,20,21,22,23,24,25,45,50,51,52,53,54,55,56,57		Items/SecondWeapon/Shield_13	2300	0	1	0	-1	70	0.5	0	Enchanted shield
I	items/secondweapon/tier3/shield_t3_3	SO_ItemShield	Рыцарский щит	0	26	67,68,69,70,71,73,74,76,77,0,1,2,3,5,6,7,8,9,10,20,21,22,23,24,25,45,50,51,52,53,54,55,56,57		Items/SecondWeapon/Shield_14	2800	0	1	0	-1	78	0.7	0	Knight shield
I	items/shop/oblivion	SO_ItemUsable	Сыворотка Забвения	0					250	1	0		-1	0	0	0	Serum of Oblivion
I	items/shop/obliviongreat	SO_ItemUsable	Зелье Забвения	0					300	1	0		-1	0	0	0	Potion of Oblivion
I	items/shop/xp	SO_ItemUsable	Зелье опыта	0					100	1	0		-1	0	0	0	Potion of experience
I	items/shop/xp great	SO_ItemUsable	Большое зелье опыта	0					800	1	0		-1	0	0	0	Great potion of experience
I	items/trash/---- itemtrashbone	SO_ItemTrash	---- itemTrashBone	0				Items/Trash/itemTrashBone	60	0	0		-1	0	0	0	---- itemTrashBone
I	items/trash/---- itemtrashfang	SO_ItemTrash	---- itemTrashFang	0				Items/Trash/itemTrashFang	80	0	0		-1	0	0	0	---- itemTrashFang
I	items/trash/---- itemtrashtorch	SO_ItemTrash	---- itemTrashTorch	0				Items/Trash/itemTrashTorch	60	0	0		-1	0	0	0	---- itemTrashTorch
I	items/trash/126/itemart_bondages	SO_ItemTrash	Бинты	0			94	Items/Trash/126/itemArt_Bondages	150	0	0		-1	0	0	1	Bandages
I	items/trash/126/itemart_bonebeads	SO_ItemTrash	Костяные чётки	0			96	Items/Trash/126/itemArt_BoneBeads	150	0	0		-1	0	0	1	Bone beads
I	items/trash/126/itemart_intcrystall	SO_ItemTrash	Магический кристалл	0			101	Items/Trash/126/itemArt_IntCrystall	200	0	0		-1	0	0	1	Magic crystal
I	items/trash/126/itemart_monocle	SO_ItemTrash	Монокль	0			110	Items/Trash/126/itemArt_Monocle	120	0	0		-1	0	0	1	Monocle
I	items/trash/126/itemart_monsterblood	SO_ItemTrash	Кровь чудовища	0			111	Items/Trash/126/itemArt_MonsterBlood	120	0	0		-1	0	0	1	Monster blood
I	items/trash/126/itemart_monsterhand	SO_ItemTrash	Когти чудовища	0			114	Items/Trash/126/itemArt_MonsterHand	300	0	0		-1	0	0	1	Beast claws
I	items/trash/126/itemart_mpstone	SO_ItemTrash	Сияющий камень	0			124	Items/Trash/126/itemArt_MpStone	120	0	0		-1	0	0	1	Shining stone
I	items/trash/126/itemart_shell1	SO_ItemTrash	Панцирь броненосца	0			121	Items/Trash/126/itemArt_Shell1	220	0	0		-1	0	0	1	Armadillo carapace
I	items/trash/126/itemart_shell2	SO_ItemTrash	Окаменевший панцирь	0			122	Items/Trash/126/itemArt_Shell2	350	0	0		-1	0	0	1	Petrified carapace
I	items/trash/126/itemart_tentacle	SO_ItemTrash	Щупальце	0			127	Items/Trash/126/itemArt_Tentacle	140	0	0		-1	0	0	1	Tentacle
I	items/trash/126/itemart_wolffur	SO_ItemTrash	Волчья шерсть	0			128	Items/Trash/126/itemArt_WolfFur	150	0	0		-1	0	0	1	Wolf fur
I	items/trash/126/itemart_wolffur2	SO_ItemTrash	Шерсть оборотня	0			129	Items/Trash/126/itemArt_WolfFur2	240	0	0		-1	0	0	1	Werewolf fur
I	items/trash/135/itemart_coals	SO_ItemTrash	Остывшие угли	0			98	Items/Trash/135/itemArt_Coals	180	0	0		-1	0	0	1	Extinguished embers
I	items/trash/135/itemart_dmgmod1	SO_ItemTrash	Окаменевший клык	0			112	Items/Trash/135/itemArt_DmgMod1	120	0	0		-1	0	0	1	Petrified fang
I	items/trash/135/itemart_dmgmod2	SO_ItemTrash	Сломанный коготь	0			113	Items/Trash/135/itemArt_DmgMod2	200	0	0		-1	0	0	1	Broken claw
I	items/trash/135/itemart_rustynail	SO_ItemTrash	Ржавый гвоздь	0			115	Items/Trash/135/itemArt_RustyNail	280	0	0		-1	0	0	1	Rusty nail
I	items/trash/135/itemart_shellsmall	SO_ItemTrash	Осколок чешуи	0			120	Items/Trash/135/itemArt_ShellSmall	150	0	0		-1	0	0	1	Scale shard
I	items/trash/135/itemart_shinyscales	SO_ItemTrash	Блестящая чешуя	0			123	Items/Trash/135/itemArt_ShinyScales	200	0	0		-1	0	0	1	Shiny scales
I	items/trash/135/itemart_strongscales	SO_ItemTrash	Крепкая чешуя	0			117	Items/Trash/135/itemArt_StrongScales	200	0	0		-1	0	0	1	Strong scales
I	items/trash/135/itemart_tentacle2	SO_ItemTrash	Извивающееся щупальце	0			126	Items/Trash/135/itemArt_Tentacle2	300	0	0		-1	0	0	1	Living tentacle
I	items/trash/137/itemart_adddef_elem_1	SO_ItemTrash	Согревающий камень	0			90	Items/Trash/137/itemArt_AddDef_Elem_1	350	0	0		-1	0	0	1	Warming stone
I	items/trash/137/itemart_adddef_magic_1	SO_ItemTrash	Колдовской талисман	0			91	Items/Trash/137/itemArt_AddDef_Magic_1	350	0	0		-1	0	0	1	Witch's talisman
I	items/trash/137/itemart_attackrange	SO_ItemTrash	Моток веревки	0			92	Items/Trash/137/itemArt_AttackRange	350	0	0		-1	0	0	1	Coil of rope
I	items/trash/137/itemart_autocharge	SO_ItemTrash	Засушенное ухо	0			93	Items/Trash/137/itemArt_AutoCharge	300	0	0		-1	0	0	1	Dried ear
I	items/trash/137/itemart_chargespeed	SO_ItemTrash	Перо гарпии	0			97	Items/Trash/137/itemArt_ChargeSpeed	300	0	0		-1	0	0	1	Harpy feather
I	items/trash/137/itemart_fightspeed	SO_ItemTrash	Больное перо	0			104	Items/Trash/137/itemArt_FightSpeed	300	0	0		-1	0	0	1	Diseased feather
I	items/trash/event/itemevent_crypt	SO_ItemTrash	Ключ от Крипты Пустоты	0				Items/Trash/Event/itemEVENT_crypt	0	1	0		-1	0	0	0	Key to the Crypt of Emptiness
I	items/trash/event/itemkey_1	SO_ItemTrash	Железный ключ	0				Items/Trash/Event/itemKey_1	0	1	0		-1	0	0	0	Iron key
I	items/trash/event/itemkey_2	SO_ItemTrash	Ржавый ключ	0				Items/Trash/Event/itemKey_2	0	1	0		-1	0	0	0	Rusty key
I	items/trash/event/itemkey_3	SO_ItemTrash	Серебряный ключ	0				Items/Trash/Event/itemKey_3	0	1	0		-1	0	0	0	Silver key
I	items/trash/itemtrashagate	SO_ItemTrash	Агат	0				Items/Trash/itemTrashAgate	350	0	0		-1	0	0	0	Agate
I	items/trash/itemtrashamber	SO_ItemTrash	Янтарь	0				Items/Trash/itemTrashAmber	350	0	0		-1	0	0	0	Amber
I	items/trash/itemtrashamethist	SO_ItemTrash	Аметист	0				Items/Trash/itemTrashAmethist	350	0	0		-1	0	0	0	Amethyst
I	items/trash/itemtrashaxehead	SO_ItemTrash	Порванное крыло	0			95	Items/Trash/itemTrashAxeHead	120	0	0		-1	0	0	1	Torn wing
I	items/trash/itemtrashdiamond	SO_ItemTrash	Алмаз	0				Items/Trash/itemTrashDiamond	350	0	0		-1	0	0	0	Diamond
I	items/trash/itemtrasheye	SO_ItemTrash	Глаз	0			102	Items/Trash/itemTrashEye	120	0	0		-1	0	0	1	Eye
I	items/trash/itemtrashfeather	SO_ItemTrash	Перышко	0			103	Items/Trash/itemTrashFeather	150	0	0		-1	0	0	1	Feather
I	items/trash/itemtrashfrogleg	SO_ItemTrash	Сушеная лапка	0			106	Items/Trash/itemTrashFrogLeg	150	0	0		-1	0	0	1	Dried frog leg
I	items/trash/itemtrashfrogleg_2	SO_ItemTrash	Лягушачья лапка	0			107	Items/Trash/itemTrashFrogLeg_2	350	0	0		-1	0	0	1	Frog leg
I	items/trash/itemtrashmalachite	SO_ItemTrash	Малахит	0				Items/Trash/itemTrashMalachite	350	0	0		-1	0	0	0	itemTrashMalachite
I	items/trash/itemtrashmap	SO_ItemTrash	Старая карта	0			108	Items/Trash/itemTrashMap	125	0	0		-1	0	0	1	Old map
I	items/trash/itemtrashmirror	SO_ItemTrash	Зеркало	0			109	Items/Trash/itemTrashMirror	140	0	0		-1	0	0	1	Mirror
I	items/trash/itemtrashopal	SO_ItemTrash	Опал	0				Items/Trash/itemTrashOpal	350	0	0		-1	0	0	0	Opal
I	items/trash/itemtrashquartz	SO_ItemTrash	Кварц	0				Items/Trash/itemTrashQuartz	350	0	0		-1	0	0	0	Quartz
I	items/trash/itemtrashrabbitpaw	SO_ItemTrash	Кроличья лапка	0			116	Items/Trash/itemTrashRabbitPaw	200	0	0		-1	0	0	1	Rabbit paw
I	items/trash/itemtrashruby	SO_ItemTrash	Рубин	0				Items/Trash/itemTrashRuby	350	0	0		-1	0	0	0	Ruby
I	items/trash/itemtrashsapphire	SO_ItemTrash	Сапфир	0				Items/Trash/itemTrashSapphire	350	0	0		-1	0	0	0	Sapphire
I	items/trash/itemtrashscorpion	SO_ItemTrash	Клешня	0			118	Items/Trash/itemTrashScorpion	120	0	0		-1	0	0	1	Claw
I	items/trash/itemtrashscorpion_2	SO_ItemTrash	Могучая клешня	0			119	Items/Trash/itemTrashScorpion_2	300	0	0		-1	0	0	1	Mighty claw
I	items/trash/itemtrashsilver	SO_ItemTrash	Серебряный слиток	0				Items/Trash/itemTrashSilver	500	0	0		-1	0	0	0	Silver ingot
I	items/trash/itemtrashsilvercoin	SO_ItemTrash	Ржавая монета	0			99	Items/Trash/itemTrashSilverCoin	130	0	0		-1	0	0	1	Rusty coin
I	items/trash/itemtrashsteel_ingot	SO_ItemTrash	Железный слиток	0				Items/Trash/itemTrashSteel_Ingot	300	0	0		-1	0	0	0	Iron ingot
I	items/trash/itemtrashtail	SO_ItemTrash	Рыжий хвост	0			105	Items/Trash/itemTrashTail	145	0	0		-1	0	0	1	Red tail
I	items/trash/itemtrashtelescope	SO_ItemTrash	Подзорная труба	0			125	Items/Trash/itemTrashTelescope	130	0	0		-1	0	0	1	Spyglass
I	items/trash/itemtrashtopaz	SO_ItemTrash	Топаз	0				Items/Trash/itemTrashTopaz	350	0	0		-1	0	0	0	Topaz
I	items/trash/secret/itemartsecret_emptybowl	SO_ItemTrash	Опустевшая чаша	0			130	Items/Trash/Secret/itemArtSecret_EmptyBowl	850	0	0		-1	0	0	1	Drained bowl
I	items/trash/treasures/itemtreas_figurinebronze	SO_ItemTrash	Бронзовая фигурка	0				Items/Trash/Treasures/itemTreas_FigurineBronze	2400	0	0		-1	0	0	0	Bronze Figurine
I	items/trash/treasures/itemtreas_figurinesilver	SO_ItemTrash	Серебрянная фигурка	0				Items/Trash/Treasures/itemTreas_FigurineSilver	3200	0	0		-1	0	0	0	Silver Figurine
I	items/trash/treasures/itemtreas_goldenbowl	SO_ItemTrash	Золотой кубок	0				Items/Trash/Treasures/itemTreas_GoldenBowl	7000	0	0		-1	0	0	0	Golden Goblet
I	items/trash/treasures/itemtreas_goldentooth	SO_ItemTrash	Золотой зуб	0				Items/Trash/Treasures/itemTreas_GoldenTooth	4700	0	0		-1	0	0	0	Gold Tooth
I	items/trash/treasures/itemtreas_nefrstatue	SO_ItemTrash	Нефритовая статуэтка	0				Items/Trash/Treasures/itemTreas_NefrStatue	6500	0	0		-1	0	0	0	Jade Figurine
I	items/trash/treasures/itemtreas_statuemother	SO_ItemTrash	Статуэтка матери	0				Items/Trash/Treasures/itemTreas_StatueMother	5000	0	0		-1	0	0	0	Mother Statuette
I	items/trash/unique/itemtrashcompass	SO_ItemTrash	Компас	0			100	Items/Trash/Unique/itemTrashCompass	250	0	0		-1	0	0	1	Compass
I	items/usables/damagerock	SO_ItemUsable	Точильный камень	0				Items/Usables/DamageRock	140	0	0		-1	0	0	0	Grindstone
I	items/usables/damagerock2	SO_ItemUsable	Качественный точильный камень	0				Items/Usables/DamageRock2	240	0	0		-1	0	0	0	Qualitative grindstone
I	items/usables/damagerock_electro	SO_ItemUsable	Молниевый осколок	0				Items/Usables/DamageRock_Electro	350	0	0		-1	0	0	0	Lightning shard
I	items/usables/damagerock_fire	SO_ItemUsable	Раскаленный осколок	0				Items/Usables/DamageRock_Fire	350	0	0		-1	0	0	0	Scorching shard
I	items/usables/damagerock_ice	SO_ItemUsable	Ледяной осколок	0				Items/Usables/DamageRock_Ice	350	0	0		-1	0	0	0	Icy shard
I	items/usables/eatbanana	SO_ItemUsable	Банан	0				Items/Usables/EatBanana	20	0	0		-1	0	0	0	Banana
I	items/usables/eatbread	SO_ItemUsable	Хлеб	0				Items/Usables/EatBread	50	0	0		-1	0	0	0	Bread
I	items/usables/eatbread_2	SO_ItemUsable	Буханка хлеба	0				Items/Usables/EatBread_2	140	0	0		-1	0	0	0	Loaf of bread
I	items/usables/eatcheese	SO_ItemUsable	Сыр	0				Items/Usables/EatCheese	55	0	0		-1	0	0	0	Cheese
I	items/usables/eatmeat	SO_ItemUsable	Мясо	0				Items/Usables/EatMeat	40	0	0		-1	0	0	0	Meat
I	items/usables/eatmeat_2	SO_ItemUsable	Мясо на кости	0				Items/Usables/EatMeat_2	100	0	0		-1	0	0	0	Meat on the bone
I	items/usables/eatmeat_3	SO_ItemUsable	Жареное мясо	0				Items/Usables/EatMeat_3	220	0	0		-1	0	0	0	Roasted meat
I	items/usables/eatmushroom	SO_ItemUsable	Гриб	0				Items/Usables/EatMushroom	40	0	0		-1	0	0	0	Mushroom
I	items/usables/eatmushroom 1	SO_ItemUsable	Гриб	0				Items/Usables/EatMushroom	150	0	0		-1	0	0	0	Mushroom
I	items/usables/eatpotionhp1	SO_ItemUsable	Пузырек здоровья	0				Items/Usables/EatPotionHP1	50	0	0		-1	0	0	0	Vial of health
I	items/usables/eatpotionhp2	SO_ItemUsable	Малое зелье здоровья	0				Items/Usables/EatPotionHP2	80	0	0		-1	0	0	0	Small health potion
I	items/usables/eatpotionhp3	SO_ItemUsable	Зелье здоровья	0				Items/Usables/EatPotionHP3	150	0	0		-1	0	0	0	Health Potion
I	items/usables/eatpotionhp4	SO_ItemUsable	Крепкое зелье здоровья	0				Items/Usables/EatPotionHP4	210	0	0		-1	0	0	0	Strong health potion
I	items/usables/eatpotionhp5	SO_ItemUsable	Большое зелье здоровья	0				Items/Usables/EatPotionHP5	260	0	0		-1	0	0	0	Large health potion
I	items/usables/eatpotionmp1	SO_ItemUsable	Пузырек маны	0				Items/Usables/EatPotionMP1	40	0	0		-1	0	0	0	Vial of mana
I	items/usables/eatpotionmp2	SO_ItemUsable	Малое зелье маны	0				Items/Usables/EatPotionMP2	60	0	0		-1	0	0	0	Small mana potion
I	items/usables/eatpotionmp3	SO_ItemUsable	Зелье маны	0				Items/Usables/EatPotionMP3	120	0	0		-1	0	0	0	Mana Potion
I	items/usables/eatpotionmp4	SO_ItemUsable	Крепкое зелье маны	0				Items/Usables/EatPotionMP4	180	0	0		-1	0	0	0	Strong mana potion
I	items/usables/eatpotionmp5	SO_ItemUsable	Большое зелье маны	0				Items/Usables/EatPotionMP5	230	0	0		-1	0	0	0	Large mana potion
I	items/usables/halloweeneatcandy	SO_ItemUsable	Конфета	0				Items/Usables/HalloweenEatCandy	75	0	0		-1	0	0	0	Candy
I	items/usables/halloweeneatlollipop	SO_ItemUsable	Леденец	0				Items/Usables/HalloweenEatLollipop	115	0	0		-1	0	0	0	Lollipop
I	items/usables/potion_antidote	SO_ItemUsable	Противоядие	0				Items/Usables/Potion_Antidote	140	0	0		-1	0	0	0	Antidote
I	items/usables/potion_speed_1	SO_ItemUsable	Зелье Скорости	0				Items/Usables/Potion_Speed_1	350	0	0		-1	0	0	0	Speed Potion
I	items/usables/potion_speed_2	SO_ItemUsable	Крепкое Зелье Скорости	0				Items/Usables/Potion_Speed_2	600	0	0		-1	0	0	0	Strong Speed Potion
I	items/usables/potionhp_mod1	SO_ItemUsable	Отвар здоровья	0				Items/Usables/PotionHP_Mod1	240	0	0		-1	0	0	0	Health decoction
I	items/usables/potionhp_mod2	SO_ItemUsable	Крепкий отвар здоровья	0				Items/Usables/PotionHP_Mod2	380	0	0		-1	0	0	0	Strong health decoction
I	items/usables/potionhp_mod3	SO_ItemUsable	Большой отвар здоровья	0				Items/Usables/PotionHP_Mod3	550	0	0		-1	0	0	0	Large health decoction
I	items/usables/potionhp_mod4	SO_ItemUsable	Огромный отвар здоровья	0				Items/Usables/PotionHP_Mod4	550	0	0		-1	0	0	0	Great health decoction
I	items/usables/potionmp_mod1	SO_ItemUsable	Отвар выносливости	0				Items/Usables/PotionMP_Mod1	180	0	0		-1	0	0	0	Stamina decoction
I	items/usables/potionmp_mod2	SO_ItemUsable	Крепкий отвар выносливости	0				Items/Usables/PotionMP_Mod2	250	0	0		-1	0	0	0	Strong stamina decoction
I	items/usables/potionmp_mod3	SO_ItemUsable	Большой отвар выносливости	0				Items/Usables/PotionMP_Mod3	460	0	0		-1	0	0	0	Large stamina decoction
I	items/usables/potionmp_mod4	SO_ItemUsable	Огромный отвар выносливости	0				Items/Usables/PotionMP_Mod4	460	0	0		-1	0	0	0	Great stamina decoction
I	items/usables/runeportal_camp	SO_ItemUsable	Руна Убежища	0				Items/Usables/RunePortal_Camp	300	0	0		-1	0	0	0	Rune of Asylum
I	items/usables/runeportal_treasure	SO_ItemUsable	Руна Алчности	0				Items/Usables/RunePortal_Treasure	550	0	0		-1	0	0	0	Rune of Greed
I	items/usables/throwcheese	SO_ItemUsable	Метательный сыр	0				Items/Usables/ThrowCheese	120	0	0		-1	0	0	0	Throwing cheese
I	items/usables/throwknife_10	SO_ItemUsable	Метательный нож	0				Items/Usables/ThrowKnife_10	40	0	0		-1	0	0	0	Throwing knife
I	items/usables/usable_fingerboneteleport	SO_ItemUsable	Осколок обсидиана	0				Items/Usables/Usable_FingerBoneTeleport	180	0	0		-1	0	0	0	Obsidian Shard
I	items/usables/usable_petsresandheal50	SO_ItemUsable	Отвар чернолиста	0				Items/Usables/Usable_PetsResAndHeal50	180	0	0		-1	0	0	0	Blackleaf decoction
I	items/usables/usable_summonundeadpet	SO_ItemUsable	Старая кость	0				Items/Usables/Usable_SummonUndeadPet	240	0	0		-1	0	0	0	Old bone
I	items/usables/usable_summonwolfspirit	SO_ItemUsable	Клык	0				Items/Usables/Usable_SummonWolfSpirit	200	0	0		-1	0	0	0	Fang
I	items/usables/usabletorch	SO_ItemUsable	Факел	0				Items/Usables/UsableTorch	35	0	0		-1	0	0	0	Torch
I	items/weapons/bers1axeiron	SO_ItemWeapon	Железный топор	0		211,208,209,210,212,213,215,216,217,184,185,186,187,188,181,182,183,195,196,197,198,200,189,199,203,204,205,206		Items/Weapons/Bers1AxeIron	350	0	1	4	2	2	4.5	0	Iron axe
I	items/weapons/bers2axebattle	SO_ItemWeapon	Боевой топор	0		211,208,209,210,212,213,215,216,217,184,185,186,187,188,181,182,183,195,196,197,198,200,189,199,203,204,205,206		Items/Weapons/Bers2AxeBattle	470	0	1	4	2	3	5	0	Battle-axe
I	items/weapons/bers3axebattledouble	SO_ItemWeapon	Двусторонняя секира	0		211,208,209,210,212,213,215,216,217,184,185,186,187,188,181,182,183,195,196,197,198,200,189,199,203,204,205,206		Items/Weapons/Bers3AxeBattleDouble	680	0	1	4	2	4	5.5	0	Double-sided axe
I	items/weapons/bers4axealebard	SO_ItemWeapon	Алебарда	0	183	211,208,209,210,212,213,215,216,217,184,185,186,187,188,181,182,183,195,196,197,198,200,189,199,203,204,205,206		Items/Weapons/Bers4AxeAlebard	950	0	1	4	2	3	6	0	Halberd
I	items/weapons/bers5.5axe	SO_ItemWeapon	Кавалерийский топорик	0		211,208,209,210,212,213,215,216,217,184,185,186,187,188,181,182,183,195,196,197,198,200,189,199,203,204,205,206		Items/Weapons/Bers5.5Axe	1350	0	1	4	2	8	12	0	Cavalry hatchet
I	items/weapons/bers5axeblack	SO_ItemWeapon	Черная секира	0		211,208,209,210,212,213,215,216,217,184,185,186,187,188,181,182,183,195,196,197,198,200,189,199,203,204,205,206		Items/Weapons/Bers5AxeBlack	1200	0	1	4	2	9	12	0	Black axe
I	items/weapons/bers6axerune	SO_ItemWeapon	Рунный топор	0	182	211,208,209,210,212,213,215,216,217,184,185,186,187,188,181,182,183,195,196,197,198,200,189,199,203,204,205,206		Items/Weapons/Bers6AxeRune	1500	0	1	4	2	10	14	0	Rune axe
I	items/weapons/bers7axe	SO_ItemWeapon	Старинный топор	0		211,208,209,210,212,213,215,216,217,184,185,186,187,188,181,182,183,195,196,197,198,200,189,199,203,204,205,206		Items/Weapons/Bers7Axe	1700	0	1	4	2	12	15	0	Old axe
I	items/weapons/bers8axegiant	SO_ItemWeapon	Великанская секира	0	197	211,208,209,210,212,213,215,216,217,184,185,186,187,188,181,182,183,195,196,197,198,200,189,199,203,204,205,206		Items/Weapons/Bers8AxeGiant	2200	0	1	4	2	18	22	0	Giant's greataxe
I	items/weapons/dist10crystalbow	SO_ItemWeapon	Изумрудный лук	0		211,208,209,210,212,213,215,216,217,184,185,186,187,188,195,196,197,200,189,199,203,204,205,206		Items/Weapons/Dist10CrystalBow	2100	0	1	1	5	11	13	0	Emerald bow
I	items/weapons/dist11_bow	SO_ItemWeapon	Костяной лук	0		211,208,209,210,212,213,215,216,217,184,185,186,187,188,195,196,197,200,189,199,203,204,205,206		Items/Weapons/Dist11_Bow	1750	0	1	1	5	8	14	0	Bone bow
I	items/weapons/dist12_bow	SO_ItemWeapon	Изящный лук	0		211,208,209,210,212,213,215,216,217,184,185,186,187,188,195,196,197,200,189,199,203,204,205,206		Items/Weapons/Dist12_Bow	1900	0	1	1	5	7	9	0	Elegant bow
I	items/weapons/dist13_bow	SO_ItemWeapon	Крылатый лук	0	202	211,208,209,210,212,213,215,216,217,184,185,186,187,188,195,196,197,200,189,199,203,204,205,206		Items/Weapons/Dist13_Bow	2400	0	1	1	5	9	12	0	Winged bow
I	items/weapons/dist14_bow	SO_ItemWeapon	Стальной лук	0		211,208,209,210,212,213,215,216,217,184,185,186,187,188,195,196,197,200,189,199,203,204,205,206		Items/Weapons/Dist14_Bow	2000	0	1	1	5	10	15	0	Steel bow
I	items/weapons/dist15_bow	SO_ItemWeapon	Сдвоенный лук	0	201	211,208,209,210,212,213,215,216,217,184,185,186,187,188,195,196,197,200,189,199,203,204,205,206		Items/Weapons/Dist15_Bow	2600	0	1	1	5	12	15	0	Twin bow
I	items/weapons/dist16_bow	SO_ItemWeapon	Механический лук	0	191	211,208,209,210,212,213,215,216,217,184,185,186,187,188,195,196,197,200,189,199,203,204,205,206		Items/Weapons/Dist16_Bow	3000	0	1	1	5	14	17	0	Mechanical bow
I	items/weapons/dist1woodbow	SO_ItemWeapon	Охотничий лук	0		211,208,209,210,212,213,215,216,217,184,185,186,187,188,195,196,197,200,189,199,203,204,205,206		Items/Weapons/Dist1WoodBow	150	0	1	1	5	1	1.5	0	Hunter's bow
I	items/weapons/dist2longwoodbow	SO_ItemWeapon	Длинный лук	0		211,208,209,210,212,213,215,216,217,184,185,186,187,188,195,196,197,200,189,199,203,204,205,206		Items/Weapons/Dist2LongWoodBow	200	0	1	1	5	2	3	0	Long bow
I	items/weapons/dist3woodstrongbow	SO_ItemWeapon	Окованный лук	0		211,208,209,210,212,213,215,216,217,184,185,186,187,188,195,196,197,200,189,199,203,204,205,206		Items/Weapons/Dist3WoodStrongBow	750	0	1	1	5	3	5	0	Strong bow
I	items/weapons/dist4woodironbow	SO_ItemWeapon	Усиленный лук	0		211,208,209,210,212,213,215,216,217,184,185,186,187,188,195,196,197,200,189,199,203,204,205,206		Items/Weapons/Dist4WoodIronBow	600	0	1	1	5	4	6	0	Reinforced bow
I	items/weapons/dist5ironstrongbow	SO_ItemWeapon	Рогатый лук	0		211,208,209,210,212,213,215,216,217,184,185,186,187,188,195,196,197,200,189,199,203,204,205,206		Items/Weapons/Dist5IronStrongBow	800	0	1	1	5	3	7	0	Horned bow
I	items/weapons/dist6rangersbow	SO_ItemWeapon	Егерский лук	0		211,208,209,210,212,213,215,216,217,184,185,186,187,188,195,196,197,200,189,199,203,204,205,206		Items/Weapons/Dist6RangersBow	920	0	1	1	5	4	8	0	Ranger's bow
I	items/weapons/dist7icebow	SO_ItemWeapon	Замороженный лук	0		211,208,209,210,212,213,215,216,217,184,185,186,187,188,195,196,197,200,189,199,203,204,205,206		Items/Weapons/Dist7IceBow	1200	0	1	1	5	5	6	0	Ice bow
I	items/weapons/dist8_bow	SO_ItemWeapon	Составной лук	0		211,208,209,210,212,213,215,216,217,184,185,186,187,188,195,196,197,200,189,199,203,204,205,206		Items/Weapons/Dist8_Bow	1100	0	1	1	5	7	10	0	Composite bow
I	items/weapons/dist8firebow	SO_ItemWeapon	Пылающий лук	0		211,208,209,210,212,213,215,216,217,184,185,186,187,188,195,196,197,200,189,199,203,204,205,206		Items/Weapons/Dist8FireBow	1300	0	1	1	5	5	7	0	Fire bow
I	items/weapons/dist9darkbow	SO_ItemWeapon	Лук из стали теней	0	182	211,208,209,210,212,213,215,216,217,184,185,186,187,188,195,196,197,200,189,199,203,204,205,206		Items/Weapons/Dist9DarkBow	1500	0	1	1	5	5	10	0	Dark bow
I	items/weapons/hunter1irondagger	SO_ItemWeapon	Железный кинжал	0		211,208,209,210,212,213,215,216,217,184,185,186,187,188,181,182,183,195,196,197,198,200,189,199,203,204,205,206		Items/Weapons/hunter1IronDagger	150	0	1	3	1	0.5	1	0	Iron dagger
I	items/weapons/hunter2serrateddagger	SO_ItemWeapon	Зазубренный кинжал	0	203	211,208,209,210,212,213,215,216,217,184,185,186,187,188,181,182,183,195,196,197,198,200,189,199,203,204,205,206		Items/Weapons/hunter2SerratedDagger	320	0	1	3	1	1	2	0	Serrated dagger
I	items/weapons/hunter3assassinsdagger	SO_ItemWeapon	Изогнутый кинжал	0		211,208,209,210,212,213,215,216,217,184,185,186,187,188,181,182,183,195,196,197,198,200,189,199,203,204,205,206		Items/Weapons/hunter3AssassinsDagger	500	0	1	3	1	1	3	0	Curved dagger
I	items/weapons/hunterdagger4	SO_ItemWeapon	Танто	0		211,208,209,210,212,213,215,216,217,184,185,186,187,188,181,182,183,195,196,197,198,200,189,199,203,204,205,206		Items/Weapons/hunterDagger4	440	0	1	3	1	1.4	5.6	0	Tanto
I	items/weapons/hunterdagger5	SO_ItemWeapon	Боевой кинжал	0		211,208,209,210,212,213,215,216,217,184,185,186,187,188,181,182,183,195,196,197,198,200,189,199,203,204,205,206		Items/Weapons/hunterDagger5	800	0	1	3	1	2	6	0	Combat dagger
I	items/weapons/hunterdagger6	SO_ItemWeapon	Черный кинжал	0	215	211,208,209,210,212,213,215,216,217,184,185,186,187,188,181,182,183,195,196,197,198,200,189,199,203,204,205,206		Items/Weapons/hunterDagger6	950	0	1	3	1	4	10	0	Black dagger
I	items/weapons/hunterdagger7	SO_ItemWeapon	Катар	0		211,208,209,210,212,213,215,216,217,184,185,186,187,188,181,182,183,195,196,197,198,200,189,199,203,204,205,206		Items/Weapons/hunterDagger7	1120	0	1	3	1	3	6	0	Katar
I	items/weapons/hunterdagger8	SO_ItemWeapon	Терзающий катар	0	206	211,208,209,210,212,213,215,216,217,184,185,186,187,188,181,182,183,195,196,197,198,200,189,199,203,204,205,206		Items/Weapons/hunterDagger8	1400	0	1	3	1	4	7	0	Tormenting katar
I	items/weapons/hunterdagger9	SO_ItemWeapon	Костяной катар	0	200	211,208,209,210,212,213,215,216,217,184,185,186,187,188,181,182,183,195,196,197,198,200,189,199,203,204,205,206		Items/Weapons/hunterDagger9	2000	0	1	3	1	5	6.5	0	Bone katar
I	items/weapons/hunterdagger_spec_1	SO_ItemWeapon	Гоблинский кинжал	0		211,208,209,210,212,213,215,216,217,184,185,186,187,188,181,182,183,195,196,197,198,200,189,199,203,204,205,206		Items/Weapons/hunterDagger_spec_1	200	0	1	3	1	2	4	0	Goblin Dagger
I	items/weapons/hunterdagger_spec_2	SO_ItemWeapon	Тесак	0	216	211,208,209,210,212,213,215,216,217,184,185,186,187,188,181,182,183,195,196,197,198,200,189,199,203,204,205,206		Items/Weapons/hunterDagger_spec_2	400	0	1	3	1	4	6	0	Cleaver
I	items/weapons/hunterdagger_spec_3	SO_ItemWeapon	Мясницкий крюк	0	204	211,208,209,210,212,213,215,216,217,184,185,186,187,188,181,182,183,195,196,197,198,200,189,199,203,204,205,206		Items/Weapons/hunterDagger_spec_3	750	0	1	3	1	3	5	0	Butcher's Hook
I	items/weapons/hunterdagger_spec_4	SO_ItemWeapon	Сдвоенный клык	0		211,208,209,210,212,213,215,216,217,184,185,186,187,188,181,182,183,195,196,197,198,200,189,199,203,204,205,206		Items/Weapons/hunterDagger_spec_4	2300	0	1	3	1	7	12	0	Twin Fang
I	items/weapons/hunterdagger_spec_5	SO_ItemWeapon	Черный катар	0		211,208,209,210,212,213,215,216,217,184,185,186,187,188,181,182,183,195,196,197,198,200,189,199,203,204,205,206		Items/Weapons/hunterDagger_spec_5	2600	0	1	3	1	11	14	0	Black Katar
I	items/weapons/hunterdagger_spec_6	SO_ItemWeapon	Кровавый катар	0	216	211,208,209,210,212,213,215,216,217,184,185,186,187,188,181,182,183,195,196,197,198,200,189,199,203,204,205,206		Items/Weapons/hunterDagger_spec_6	3200	0	1	3	1	13	16	0	Blood Katar
I	items/weapons/hunterdagger_spec_7	SO_ItemWeapon	Змеиный кинжал	0	212	211,208,209,210,212,213,215,216,217,184,185,186,187,188,181,182,183,195,196,197,198,200,189,199,203,204,205,206		Items/Weapons/hunterDagger_spec_7	3000	0	1	3	1	8	12	0	Serpent Dagger
I	items/weapons/melee0trainingsword	SO_ItemWeapon	Деревянный меч	0		211,208,209,210,212,213,215,216,217,184,185,186,187,188,181,182,183,195,196,197,198,200,189,199,203,204,205,206		Items/Weapons/Melee0TrainingSword	50	0	1	0	0	0	0.5	0	Wooden sword
I	items/weapons/melee1shortsword	SO_ItemWeapon	Короткий меч	0		211,208,209,210,212,213,215,216,217,184,185,186,187,188,181,182,183,195,196,197,198,200,189,199,203,204,205,206		Items/Weapons/Melee1ShortSword	240	0	1	0	0	2	3	0	Short sword
I	items/weapons/melee2longsword	SO_ItemWeapon	Длинный меч	0		211,208,209,210,212,213,215,216,217,184,185,186,187,188,181,182,183,195,196,197,198,200,189,199,203,204,205,206		Items/Weapons/Melee2LongSword	350	0	1	0	0	2	4	0	Long sword
I	items/weapons/melee3serratedsword	SO_ItemWeapon	Зубчатый клинок	0	203	211,208,209,210,212,213,215,216,217,184,185,186,187,188,181,182,183,195,196,197,198,200,189,199,203,204,205,206		Items/Weapons/Melee3SerratedSword	520	0	1	0	0	3	4	0	Serrated blade
I	items/weapons/melee4serratedsword2h	SO_ItemWeapon	Зазубренный бастард	0	203	211,208,209,210,212,213,215,216,217,184,185,186,187,188,181,182,183,195,196,197,198,200,189,199,203,204,205,206		Items/Weapons/Melee4SerratedSword2H	650	0	1	0	0	3	5	0	Jagged bastard sword
I	items/weapons/melee5saber	SO_ItemWeapon	Сабля	0		211,208,209,210,212,213,215,216,217,184,185,186,187,188,181,182,183,195,196,197,198,200,189,199,203,204,205,206		Items/Weapons/Melee5Saber	900	0	1	0	0	4	6	0	Saber
I	items/weapons/melee6broadsword	SO_ItemWeapon	Палаш	0		211,208,209,210,212,213,215,216,217,184,185,186,187,188,181,182,183,195,196,197,198,200,189,199,203,204,205,206		Items/Weapons/Melee6Broadsword	1100	0	1	0	0	7	10	0	Broadsword
I	items/weapons/melee7executsword	SO_ItemWeapon	Палачий клинок	0	215	211,208,209,210,212,213,215,216,217,184,185,186,187,188,181,182,183,195,196,197,198,200,189,199,203,204,205,206		Items/Weapons/Melee7ExecutSword	1200	0	1	0	0	13	13	0	Execut's blade
I	items/weapons/melee8knightsword	SO_ItemWeapon	Рыцарский меч	0		211,208,209,210,212,213,215,216,217,184,185,186,187,188,181,182,183,195,196,197,198,200,189,199,203,204,205,206		Items/Weapons/Melee8KnightSword	1050	0	1	0	0	8	14	0	Knight's sword
I	items/weapons/melee9murderer	SO_ItemWeapon	Душегуб	0	187	211,208,209,210,212,213,215,216,217,184,185,186,187,188,181,182,183,195,196,197,198,200,189,199,203,204,205,206		Items/Weapons/Melee9Murderer	2300	0	1	0	0	10	15	0	Murderer
I	items/weapons/meleesword_spec_1	SO_ItemWeapon	Гоблинский меч	0		211,208,209,210,212,213,215,216,217,184,185,186,187,188,181,182,183,195,196,197,198,200,189,199,203,204,205,206		Items/Weapons/MeleeSword_spec_1	400	0	1	0	0	1.5	4	0	Goblin Sword
I	items/weapons/meleesword_spec_2	SO_ItemWeapon	Гоблинский ятаган	0		211,208,209,210,212,213,215,216,217,184,185,186,187,188,181,182,183,195,196,197,198,200,189,199,203,204,205,206		Items/Weapons/MeleeSword_spec_2	600	0	1	0	0	3	6	0	Goblin Yatagan
I	items/weapons/meleesword_spec_3	SO_ItemWeapon	Орочий меч	0		211,208,209,210,212,213,215,216,217,184,185,186,187,188,181,182,183,195,196,197,198,200,189,199,203,204,205,206		Items/Weapons/MeleeSword_spec_3	800	0	1	0	0	6	8	0	Orcish Sword
I	items/weapons/meleesword_spec_4	SO_ItemWeapon	Катана	0		211,208,209,210,212,213,215,216,217,184,185,186,187,188,181,182,183,195,196,197,198,200,189,199,203,204,205,206		Items/Weapons/MeleeSword_spec_4	1300	0	1	0	0	8	8	0	Katana
I	items/weapons/meleesword_spec_5	SO_ItemWeapon	Древний меч	0	209	211,208,209,210,212,213,215,216,217,184,185,186,187,188,181,182,183,195,196,197,198,200,189,199,203,204,205,206		Items/Weapons/MeleeSword_spec_5	4600	0	1	0	0	18	22	0	Ancient Sword
I	items/weapons/meleesword_spec_6	SO_ItemWeapon	Клеймор	0	198	211,208,209,210,212,213,215,216,217,184,185,186,187,188,181,182,183,195,196,197,198,200,189,199,203,204,205,206		Items/Weapons/MeleeSword_spec_6	2000	0	1	0	0	15	18	0	Claymore
I	items/weapons/meleesword_spec_7	SO_ItemWeapon	Фламберг	0		211,208,209,210,212,213,215,216,217,184,185,186,187,188,181,182,183,195,196,197,198,200,189,199,203,204,205,206		Items/Weapons/MeleeSword_spec_7	2600	0	1	0	0	13	16	0	Flamberge
I	items/weapons/necrstaff1	SO_ItemWeapon	Ученический жезл	0		211,208,209,210,212,213,215,216,217,184,185,186,187,188,195,196,197,200,189,199,203,204,205,206		Items/Weapons/NecrStaff1	120	0	1	5	8	0.5	2	0	Apprentice's wand
I	items/weapons/necrstaff2	SO_ItemWeapon	Чародейский жезл	0		211,208,209,210,212,213,215,216,217,184,185,186,187,188,195,196,197,200,189,199,203,204,205,206		Items/Weapons/NecrStaff2	200	0	1	5	8	1	3	0	Sorcerer's wand
I	items/weapons/necrstaff3	SO_ItemWeapon	Шипастый жезл	0		211,208,209,210,212,213,215,216,217,184,185,186,187,188,195,196,197,200,189,199,203,204,205,206		Items/Weapons/NecrStaff3	450	0	1	5	8	1	4	0	Spiked wand
I	items/weapons/necrstaff4	SO_ItemWeapon	Ивовый жезл	0		211,208,209,210,212,213,215,216,217,184,185,186,187,188,195,196,197,200,189,199,203,204,205,206		Items/Weapons/NecrStaff4	600	0	1	5	8	2	4	0	Willow wand
I	items/weapons/necrstaff5	SO_ItemWeapon	Паломничий жезл	0		211,208,209,210,212,213,215,216,217,184,185,186,187,188,195,196,197,200,189,199,203,204,205,206		Items/Weapons/NecrStaff5	750	0	1	5	8	3	6	0	Pilgrim's wand
I	items/weapons/necrstaff6	SO_ItemWeapon	Магистрский жезл	0		211,208,209,210,212,213,215,216,217,184,185,186,187,188,195,196,197,200,189,199,203,204,205,206		Items/Weapons/NecrStaff6	900	0	1	5	8	4.5	8	0	Master's wand
I	items/weapons/necrstaff7	SO_ItemWeapon	Костяной жезл	0		211,208,209,210,212,213,215,216,217,184,185,186,187,188,195,196,197,200,189,199,203,204,205,206		Items/Weapons/NecrStaff7	1000	0	1	5	8	6	10	0	Bone wand
I	items/weapons/necrstaff8	SO_ItemWeapon	Проклятая Ветвь	0	216	211,208,209,210,212,213,215,216,217,184,185,186,187,188,195,196,197,200,189,199,203,204,205,206		Items/Weapons/NecrStaff8	1200	0	1	5	8	6	9	0	Cursed Branch
I	items/weapons/tier2/hunterdaggernew_1	SO_ItemWeapon	Железный кинжал	0		211,208,209,210,212,213,215,216,217,184,185,186,187,188,181,182,183,195,196,197,198,200,189,199,203,204,205,206		Items/Weapons/hunter1IronDagger	150	0	1	3	1	0.5	1	0	Iron dagger
I	items/weapons/tier2/hunterdaggernew_2	SO_ItemWeapon	Железный кинжал	0		211,208,209,210,212,213,215,216,217,184,185,186,187,188,181,182,183,195,196,197,198,200,189,199,203,204,205,206		Items/Weapons/hunter1IronDagger	150	0	1	3	1	0.5	1	0	Iron dagger
I	items/weapons/tier2/hunterdaggernew_3	SO_ItemWeapon	Железный кинжал	0		211,208,209,210,212,213,215,216,217,184,185,186,187,188,181,182,183,195,196,197,198,200,189,199,203,204,205,206		Items/Weapons/hunter1IronDagger	150	0	1	3	1	0.5	1	0	Iron dagger
I	items/weapons/tier2/meleesword10	SO_ItemWeapon	Гладиус	0		211,208,209,210,212,213,215,216,217,184,185,186,187,188,181,182,183,195,196,197,198,200,189,199,203,204,205,206		Items/Weapons/Melee9Murderer	1300	0	1	0	0	8	12	0	Gladius
I	items/weapons/tier2/meleesword12	SO_ItemWeapon	Ятаган	0		211,208,209,210,212,213,215,216,217,184,185,186,187,188,181,182,183,195,196,197,198,200,189,199,203,204,205,206		Items/Weapons/Melee9Murderer	1800	0	1	0	0	9	11	0	Yatagan
I	items/weapons/tier2/meleesword13	SO_ItemWeapon	Фальшион	0		211,208,209,210,212,213,215,216,217,184,185,186,187,188,181,182,183,195,196,197,198,200,189,199,203,204,205,206		Items/Weapons/Melee9Murderer	1450	0	1	0	0	10	12	0	Falchion
I	items/weapons/tier2/meleesword14	SO_ItemWeapon	Рапира	0		211,208,209,210,212,213,215,216,217,184,185,186,187,188,181,182,183,195,196,197,198,200,189,199,203,204,205,206		Items/Weapons/Melee9Murderer	2400	0	1	0	0	8	12	0	Rapier
I	items/weapons/tier2/meleesword15	SO_ItemWeapon	Закаленный меч	0		211,208,209,210,212,213,215,216,217,184,185,186,187,188,181,182,183,195,196,197,198,200,189,199,203,204,205,206		Items/Weapons/Melee9Murderer	2000	0	1	0	0	14	17	0	Tempered Sword
I	items/weapons/tier2/meleesword16	SO_ItemWeapon	Изящный меч	0		211,208,209,210,212,213,215,216,217,184,185,186,187,188,181,182,183,195,196,197,198,200,189,199,203,204,205,206		Items/Weapons/Melee9Murderer	1700	0	1	0	0	13	15	0	Elegant Sword
I	items/weapons/tier2/meleesword17_th	SO_ItemWeapon	MeleeSword17_TH	0		211,208,209,210,212,213,215,216,217,184,185,186,187,188,181,182,183,195,196,197,198,200,189,199,203,204,205,206		Items/Weapons/Melee9Murderer	2600	0	1	0	0	15	20	0	MeleeSword17_TH
I	items/weapons/tier2/meleesword20_th	SO_ItemWeapon	Одачи	0		211,208,209,210,212,213,215,216,217,184,185,186,187,188,181,182,183,195,196,197,198,200,189,199,203,204,205,206		Items/Weapons/Melee9Murderer	3300	0	1	0	0	17	20	0	Odachi
I	items/weapons/tier3/hunterdaggernew_4	SO_ItemWeapon	Железный кинжал	0		211,208,209,210,212,213,215,216,217,184,185,186,187,188,181,182,183,195,196,197,198,200,189,199,203,204,205,206		Items/Weapons/hunter1IronDagger	150	0	1	3	1	0.5	1	0	Iron dagger
I	items/weapons/tier3/hunterdaggernew_5	SO_ItemWeapon	Железный кинжал	0		211,208,209,210,212,213,215,216,217,184,185,186,187,188,181,182,183,195,196,197,198,200,189,199,203,204,205,206		Items/Weapons/hunter1IronDagger	150	0	1	3	1	0.5	1	0	Iron dagger
I	items/weapons/tier3/meleesword11	SO_ItemWeapon	Хопеш	0		211,208,209,210,212,213,215,216,217,184,185,186,187,188,181,182,183,195,196,197,198,200,189,199,203,204,205,206		Items/Weapons/Melee9Murderer	2000	0	1	0	0	10	12	0	Khopesh
I	items/weapons/tier3/meleesword18_th	SO_ItemWeapon	Огромный двуручник	0		211,208,209,210,212,213,215,216,217,184,185,186,187,188,181,182,183,195,196,197,198,200,189,199,203,204,205,206		Items/Weapons/Melee9Murderer	3000	0	1	0	0	15	20	0	Massive Greatsword
I	items/weapons/tier3/meleesword19_th	SO_ItemWeapon	MeleeSword19_TH	0		211,208,209,210,212,213,215,216,217,184,185,186,187,188,181,182,183,195,196,197,198,200,189,199,203,204,205,206		Items/Weapons/Melee9Murderer	3500	0	1	0	0	12	15	0	MeleeSword19_TH
I	items/weapons/tier3/meleesword21	SO_ItemWeapon	Королевский двуручник	0		211,208,209,210,212,213,215,216,217,184,185,186,187,188,181,182,183,195,196,197,198,200,189,199,203,204,205,206		Items/Weapons/Melee9Murderer	4200	0	1	0	0	18	22	0	Royal Greatsword
I	items/weapons/unique/weapcraft_bonecudgel	SO_ItemWeapon	Костяная дубина	0	219	211,208,209,210,212,213,215,216,217,184,185,186,187,188,181,182,183,195,196,197,198		Items/Weapons/Unique/WeapCraft_BoneCudgel	970	1	1	0	3	6.5	12	0	Bone cudgel
I	items/weapons/unique/weapcraft_cleaversword	SO_ItemWeapon	Охотничий тесак	0	189	211,208,209,210,212,213,215,216,217,184,185,186,187,188,181,182,183,195,196,197,198		Items/Weapons/Unique/WeapCraft_CleaverSword	1650	1	1	0	0	5.5	8	0	Hunting cleaver
I	items/weapons/unique/weapcraft_paddle	SO_ItemWeapon	Весло	0	183	211,208,209,210,212,213,215,216,217,184,185,186,187,188,181,182,183,195,196,197,198		Items/Weapons/Unique/WeapCraft_Paddle	560	1	0	0	3	4	12	0	Paddle
I	items/weapons/unique/weapcraft_ritualspear	SO_ItemWeapon	Ритуальное копье	0	218	211,208,209,210,212,213,215,216,217,184,185,186,187,188,181,182,183,195,196,197,198		Items/Weapons/Unique/WeapCraft_RitualSpear	1500	1	0	3	4	3	12	0	Ritual spear
I	items/weapons/unique/weapcraft_ritualstaff	SO_ItemWeapon	Ритуальный посох	0	218	211,208,209,210,212,213,215,216,217,184,185,186,187,188,195,196,197		Items/Weapons/Unique/WeapCraft_RitualStaff	1200	1	0	5	7	3	12	0	Ritual staff
I	items/weapons/unique/weapcraft_simplespear	SO_ItemWeapon	Самодельное копье	0	183	211,208,209,210,212,213,215,216,217,184,185,186,187,188,181,182,183,195,196,197,198		Items/Weapons/Unique/WeapCraft_SimpleSpear	1000	1	0	3	4	5	12	0	Improvised spear
I	items/weapons/wiz1wood	SO_ItemWeapon	Деревянный посох	0		211,208,209,210,212,213,215,216,217,184,185,186,187,188,195,196,197,200,189,199,203,204,205,206		Items/Weapons/Wiz1Wood	200	0	1	2	7	2	3	0	Wooden staff
I	items/weapons/wiz2monc	SO_ItemWeapon	Монаший посох	0		211,208,209,210,212,213,215,216,217,184,185,186,187,188,195,196,197,200,189,199,203,204,205,206		Items/Weapons/Wiz2Monc	400	0	1	2	7	3	5	0	Monk's staff
I	items/weapons/wiz3druid	SO_ItemWeapon	Витой посох	0		211,208,209,210,212,213,215,216,217,184,185,186,187,188,195,196,197,200,189,199,203,204,205,206		Items/Weapons/Wiz3Druid	500	0	1	2	7	2	4	0	Twisted staff
I	items/weapons/wiz4battle	SO_ItemWeapon	Боевой посох	0		211,208,209,210,212,213,215,216,217,184,185,186,187,188,195,196,197,200,189,199,203,204,205,206		Items/Weapons/Wiz4Battle	600	0	1	2	7	4	6	0	Battle staff
I	items/weapons/wiz5battle2	SO_ItemWeapon	Чародейский посох	0		211,208,209,210,212,213,215,216,217,184,185,186,187,188,195,196,197,200,189,199,203,204,205,206		Items/Weapons/Wiz5Battle2	800	0	1	2	7	5	7	0	Arcane staff
I	items/weapons/wiz6light	SO_ItemWeapon	Лучезарный посох	0		211,208,209,210,212,213,215,216,217,184,185,186,187,188,195,196,197,200,189,199,203,204,205,206		Items/Weapons/Wiz6Light	1000	0	1	2	7	4	7	0	Radiant Staff
I	items/weapons/wiz7cleric	SO_ItemWeapon	Освященный посох	0		211,208,209,210,212,213,215,216,217,184,185,186,187,188,195,196,197,200,189,199,203,204,205,206		Items/Weapons/Wiz7Cleric	1400	0	1	2	7	5	8	0	Consecrated staff
I	items/weapons/wiz8santa	SO_ItemWeapon	Морозный посох	0		211,208,209,210,212,213,215,216,217,184,185,186,187,188,195,196,197,200,189,199,203,204,205,206		Items/Weapons/Wiz8Santa	2000	0	1	2	7	2	6	0	Frost staff
